北京大学 985 211 研,北京,教育部,本科,大学,综合
中国人民大学 985 211 研,北京,教育部,本科,大学,综合
清华大学 985 211 研,北京,教育部,本科,大学,工科
北京交通大学 211 研,北京,教育部,本科/高职(专科),大学,工科
北京工业大学 211,北京,北京市教育委员会,本科/高职(专科),大学,工科
北京航空航天大学 985 211 研,北京,工业和信息化部,本科,大学,工科
北京理工大学 985 211 研,北京,工业和信息化部,本科,大学,工科
北京科技大学 211 研,北京,教育部,本科/高职(专科),大学,工科
北方工业大学,北京,北京市教育委员会,本科,大学,工科
北京化工大学 211,北京,教育部,本科/高职(专科),大学,工科
北京工商大学,北京,北京市教育委员会,本科,大学,财经
北京服装学院,北京,北京市教育委员会,本科,学院,工科
北京邮电大学 211 研,北京,教育部,本科,大学,工科
北京印刷学院,北京,北京市教育委员会,本科/高职(专科),学院,工科
北京建筑大学,北京,北京市教育委员会,本科,大学,工科
北京石油化工学院,北京,北京市教育委员会,本科,学院,工科
北京电子科技学院,北京,中央办公厅,本科,学院,工科
中国农业大学 985 211 研,北京,教育部,本科,大学,农业
北京农学院,北京,北京市教育委员会,本科/高职(专科),学院,农业
北京林业大学 211 研,北京,教育部,本科,大学,林业
北京协和医学院(清华大学医学部) 985 211 研,北京,卫生部,本科/高职(专科),学院,医药
首都医科大学,北京,北京市教育委员会,本科/高职(专科),大学,医药
北京中医药大学 211,北京,教育部,本科/高职(专科),大学,医药
北京师范大学 985 211 研,北京,教育部,本科,大学,师范
首都师范大学,北京,北京市教育委员会,本科,大学,师范
首都体育学院,北京,北京市教育委员会,本科,学院,体育
北京外国语大学 211,北京,教育部,本科,大学,语言
北京第二外国语学院,北京,北京市教育委员会,本科,学院,语言
北京语言大学,北京,教育部,本科,大学,语言
中国传媒大学 211,北京,教育部,本科/高职(专科),大学,语言
中央财经大学 211,北京,教育部,本科,大学,财经
对外经济贸易大学 211,北京,教育部,本科,大学,财经
北京物资学院,北京,北京市教育委员会,本科,学院,财经
首都经济贸易大学,北京,北京市教育委员会,本科/高职(专科),大学,财经
外交学院,北京,外交部,本科,学院,语言
中国人民公安大学,北京,公安部,本科,大学,政法
国际关系学院,北京,其他主管部门1,本科,学院,政法
北京体育大学 211,北京,国家体育总局,本科,大学,体育
中央音乐学院 211,北京,教育部,本科,学院,艺术
中国音乐学院,北京,北京市教育委员会,本科,学院,艺术
中央美术学院,北京,教育部,本科/高职(专科),学院,艺术
中央戏剧学院,北京,教育部,本科/高职(专科),学院,艺术
中国戏曲学院,北京,北京市教育委员会,本科,学院,艺术
北京电影学院,北京,北京市教育委员会,本科,学院,艺术
北京舞蹈学院,北京,北京市教育委员会,本科,学院,艺术
中央民族大学 985 211,北京,国家民族事务委员会,本科,大学,民族
中国政法大学 211,北京,教育部,本科,大学,政法
华北电力大学(北京) 211,北京,教育部,本科,大学,工科
北京工业职业技术学院,北京,北京市教育委员会,高职(专科),高等职业技术学校,工科
北京信息职业技术学院,北京,北京市教育委员会,高职(专科),高等职业技术学校,工科
北京电子科技职业学院,北京,北京市教育委员会,高职(专科),高等职业技术学校,工科
北京京北职业技术学院,北京,北京市教育委员会,高职(专科),高等职业技术学校,工科
中华女子学院,北京,中华全国妇女联合会,本科/高职(专科),学院,语言
北京信息科技大学,北京,北京市教育委员会,本科,大学,工科
中国矿业大学(北京) 211 研,北京,教育部,本科,大学,工科
中国石油大学(北京) 211 研,北京,教育部,本科,大学,工科
中国地质大学(北京) 211 研,北京,教育部,本科,大学,工科
北京联合大学,北京,北京市教育委员会,本科/高职(专科),大学,综合
北京城市学院,北京,北京市教育委员会,本科/高职(专科),学院,综合
中国青年政治学院,北京,中国共产主义青年团中央,本科,学院,政法
北京青年政治学院,北京,北京市教育委员会,高职(专科),学院,语言
首钢工学院,北京,北京市教育委员会,本科/高职(专科),学院,工科
北京农业职业学院,北京,北京市教育委员会,高职(专科),高等职业技术学校,农业
北京政法职业学院,北京,北京市教育委员会,高职(专科),高等职业技术学校,政法
中国劳动关系学院,北京,中华全国总工会,本科/高职(专科),学院,财经
北京财贸职业学院,北京,北京市教育委员会,高职(专科),高等职业技术学校,财经
北京北大方正软件职业技术学院,北京,北京市教育委员会,高职(专科),高等职业技术学校,工科
北京经贸职业学院,北京,北京市教育委员会,高职(专科),高等职业技术学校,财经
北京经济技术职业学院,北京,北京市教育委员会,高职(专科),高等职业技术学校,财经
北京戏曲艺术职业学院,北京,北京市教育委员会,高职(专科),高等职业技术学校,艺术
北京汇佳职业学院,北京,北京市教育委员会,高职(专科),高等职业技术学校,语言
北京现代职业技术学院,北京,北京市教育委员会,高职(专科),高等职业技术学校,工科
北京吉利学院,北京,北京市教育委员会,高职(专科),高等专科学校,财经
首都师范大学科德学院,北京,北京市教育委员会,本科,独立学院,语言
北京工商大学嘉华学院,北京,北京市教育委员会,本科,独立学院,财经
北京科技职业学院,北京,北京市教育委员会,高职(专科),高等职业技术学校,工科
北京培黎职业学院,北京,北京市教育委员会,高职(专科),高等职业技术学校,语言
北京邮电大学世纪学院,北京,北京市教育委员会,本科,独立学院,综合
北京工业大学耿丹学院,北京,北京市教育委员会,本科,独立学院,综合
北京交通职业技术学院,北京,北京市教育委员会,高职(专科),高等职业技术学校,工科
北京警察学院,北京,北京市教育委员会,本科,学院,政法
北京经济管理职业学院,北京,北京市教育委员会,高职(专科),高等职业技术学校,财经
北京劳动保障职业学院,北京,北京市教育委员会,高职(专科),高等职业技术学校,综合
北京社会管理职业学院,北京,北京市教育委员会,高职(专科),高等职业技术学校,综合
北京艺术传媒职业学院,北京,北京市教育委员会,高职(专科),高等职业技术学校,综合
北京第二外国语学院中瑞酒店管理学院,北京,北京市教育委员会,本科,独立学院,语言
北京体育职业学院,北京,北京市教育委员会,高职(专科),高等职业技术学校,体育
北京交通运输职业学院,北京,北京市教育委员会,高职(专科),高等职业技术学校,综合
北京卫生职业学院,北京,北京市教育委员会,高职(专科),高等职业技术学校,医药
中国科学院大学,北京,中国科学院,本科,大学,综合
北京大学医学部 985 211 研,北京,教育部,本科/高职(专科),高等学校分校,综合
北京科技大学延庆分校,北京,北京市教育委员会,高职(专科),高等学校分校,工科
北京邮电大学(宏福校区) 211 研,北京,教育部,本科,高等学校分校,工科
南开大学 985 211 研,天津,教育部,本科,大学,综合
天津大学 985 211 研,天津,教育部,本科/高职(专科),大学,工科
天津科技大学,天津,天津市教育委员会,本科,大学,工科
天津工业大学,天津,天津市教育委员会,本科/高职(专科),大学,工科
中国民航大学,天津,中国民用航空总局,本科/高职(专科),大学,工科
天津理工大学,天津,天津市教育委员会,本科,大学,工科
天津农学院,天津,天津市教育委员会,本科/高职(专科),学院,农业
天津医科大学 211,天津,天津市教育委员会,本科,大学,医药
天津中医药大学,天津,天津市教育委员会,本科,大学,医药
天津师范大学,天津,天津市教育委员会,本科/高职(专科),大学,师范
天津职业技术师范大学,天津,天津市教育委员会,本科/高职(专科),大学,师范
天津外国语大学,天津,天津市教育委员会,本科,大学,语言
天津商业大学,天津,天津市教育委员会,本科,大学,财经
天津财经大学,天津,天津市教育委员会,本科,大学,财经
天津体育学院,天津,天津市教育委员会,本科/高职(专科),学院,体育
天津音乐学院,天津,天津市教育委员会,本科,学院,艺术
天津美术学院,天津,天津市教育委员会,本科,学院,艺术
河北工业大学 211,天津,河北省教育厅,本科/高职(专科),大学,工科
天津城建大学,天津,天津市教育委员会,本科,学院,工科
天津天狮学院,天津,天津市教育委员会,本科/高职(专科),学院,综合
天津职业大学,天津,天津市教育委员会,高职(专科),短期职业大学,工科
天津医学高等专科学校,天津,天津市教育委员会,高职(专科),高等专科学校,医药
天津中德职业技术学院,天津,天津市教育委员会,高职(专科),高等职业技术学校,工科
天津滨海职业学院,天津,天津市教育委员会,高职(专科),高等职业技术学校,综合
天津工程职业技术学院,天津,天津市教育委员会,高职(专科),高等职业技术学校,工科
天津青年职业学院,天津,天津市教育委员会,高职(专科),高等职业技术学校,语言
天津渤海职业技术学院,天津,天津市教育委员会,高职(专科),高等职业技术学校,综合
天津电子信息职业技术学院,天津,天津市教育委员会,高职(专科),高等职业技术学校,工科
天津机电职业技术学院,天津,天津市教育委员会,高职(专科),高等职业技术学校,工科
天津现代职业技术学院,天津,天津市教育委员会,高职(专科),高等职业技术学校,综合
天津公安警官职业学院,天津,天津市教育委员会,高职(专科),高等职业技术学校,政法
天津轻工职业技术学院,天津,天津市教育委员会,高职(专科),高等职业技术学校,综合
天津商务职业学院,天津,天津市教育委员会,高职(专科),高等职业技术学校,财经
天津国土资源和房屋职业学院,天津,天津市教育委员会,高职(专科),高等职业技术学校,综合
天津艺术职业学院,天津,天津市教育委员会,高职(专科),高等职业技术学校,艺术
天津交通职业学院,天津,天津市教育委员会,高职(专科),高等职业技术学校,综合
河北工业大学城市学院,天津,河北省教育厅,本科,独立学院,工科
天津外国语大学滨海外事学院,天津,天津市教育委员会,本科,独立学院,语言
天津体育学院运动与文化艺术学院,天津,天津市教育委员会,本科,独立学院,体育
天津商业大学宝德学院,天津,天津市教育委员会,本科,独立学院,财经
天津医科大学临床医学院,天津,天津市教育委员会,本科,独立学院,医药
南开大学滨海学院,天津,天津市教育委员会,本科,独立学院,综合
天津冶金职业技术学院,天津,天津市教育委员会,高职(专科),高等职业技术学校,工科
天津石油职业技术学院,天津,天津市教育委员会,高职(专科),高等职业技术学校,工科
天津城市职业学院,天津,天津市教育委员会,高职(专科),高等职业技术学校,综合
天津铁道职业技术学院,天津,天津市教育委员会,高职(专科),高等职业技术学校,工科
天津师范大学津沽学院,天津,天津市教育委员会,本科,独立学院,综合
天津理工大学中环信息学院,天津,天津市教育委员会,本科,独立学院,综合
北京科技大学天津学院,天津,天津市教育委员会,本科,独立学院,综合
天津工艺美术职业学院,天津,天津市教育委员会,高职(专科),高等职业技术学校,艺术
天津城市建设管理职业技术学院,天津,天津市教育委员会,高职(专科),高等职业技术学校,综合
天津生物工程职业技术学院,天津,天津市教育委员会,高职(专科),高等职业技术学校,工科
天津海运职业学院,天津,天津市教育委员会,高职(专科),高等职业技术学校,综合
天津大学仁爱学院,天津,天津市教育委员会,本科,独立学院,综合
天津财经大学珠江学院,天津,天津市教育委员会,本科,独立学院,综合
天津广播影视职业学院,天津,天津市教育委员会,高职(专科),高等职业技术学校,艺术
天津市工会管理干部学院,天津,天津市教育委员会,高职(专科),成人高等学校,综合
河北大学,河北,河北省教育厅,本科/高职(专科),大学,综合
河北工程大学,河北,河北省教育厅,本科/高职(专科),大学,工科
石家庄经济学院,河北,河北省教育厅,本科/高职(专科),学院,财经
华北电力大学(保定) 211,河北,教育部,本科,大学,工科
华北理工大学,河北,河北省教育厅,本科/高职(专科),大学,综合
河北科技大学,河北,河北省教育厅,本科/高职(专科),大学,工科
河北建筑工程学院,河北,河北省教育厅,本科/高职(专科),学院,工科
河北工程技术高等专科学校,河北,河北省教育厅,高职(专科),高等专科学校,工科
河北农业大学,河北,河北省教育厅,本科/高职(专科),大学,农业
河北医科大学,河北,河北省教育厅,本科/高职(专科),大学,医药
河北北方学院,河北,河北省教育厅,本科/高职(专科),学院,医药
承德医学院,河北,河北省教育厅,本科/高职(专科),学院,医药
河北师范大学,河北,河北省教育厅,本科/高职(专科),大学,师范
保定学院,河北,河北省教育厅,本科/高职(专科),高等专科学校,师范
河北民族师范学院,河北,河北省教育厅,本科/高职(专科),学院,师范
唐山师范学院,河北,河北省教育厅,本科/高职(专科),学院,师范
廊坊师范学院,河北,河北省教育厅,本科/高职(专科),学院,师范
衡水学院,河北,河北省教育厅,本科/高职(专科),学院,师范
石家庄学院,河北,河北省教育厅,本科/高职(专科),学院,师范
邯郸学院,河北,河北省教育厅,本科/高职(专科),学院,师范
邢台学院,河北,河北省教育厅,本科/高职(专科),学院,师范
沧州师范学院,河北,河北省教育厅,本科/高职(专科),学院,师范
石家庄铁道大学,河北,河北省教育厅,本科/高职(专科),大学,工科
燕山大学,河北,河北省教育厅,本科,大学,工科
河北科技师范学院,河北,河北省教育厅,本科/高职(专科),学院,师范
河北工业职业技术学院,河北,河北省教育厅,高职(专科),高等职业技术学校,工科
唐山学院,河北,河北省教育厅,本科/高职(专科),学院,工科
邯郸职业技术学院,河北,河北省教育厅,高职(专科),高等职业技术学校,综合
华北科技学院,河北,国家安全生产监督管理总局,本科/高职(专科),学院,工科
中国人民武装警察部队学院,河北,公安部,本科,学院,政法
河北体育学院,河北,河北省教育厅,本科/高职(专科),学院,体育
石家庄职业技术学院,河北,河北省教育厅,高职(专科),高等职业技术学校,工科
河北金融学院,河北,河北省教育厅,本科/高职(专科),学院,财经
张家口职业技术学院,河北,河北省教育厅,高职(专科),高等职业技术学校,综合
北华航天工业学院,河北,河北省教育厅,本科/高职(专科),学院,工科
防灾科技学院,河北,中国地震局,本科/高职(专科),学院,工科
承德石油高等专科学校,河北,河北省教育厅,高职(专科),高等专科学校,工科
邢台职业技术学院,河北,河北省教育厅,高职(专科),高等职业技术学校,工科
河北经贸大学,河北,河北省教育厅,本科/高职(专科),大学,财经
中央司法警官学院,河北,司法部,本科,学院,政法
邢台医学高等专科学校,河北,河北省教育厅,高职(专科),高等专科学校,医药
河北软件职业技术学院,河北,河北省教育厅,高职(专科),高等职业技术学校,综合
河北建材职业技术学院,河北,河北省教育厅,高职(专科),高等职业技术学校,工科
河北政法职业学院,河北,河北省教育厅,高职(专科),高等职业技术学校,政法
沧州职业技术学院,河北,河北省教育厅,高职(专科),高等职业技术学校,工科
河北能源职业技术学院,河北,河北省教育厅,高职(专科),高等职业技术学校,工科
石家庄铁路职业技术学院,河北,河北省教育厅,高职(专科),高等职业技术学校,工科
保定职业技术学院,河北,河北省教育厅,高职(专科),高等职业技术学校,综合
秦皇岛职业技术学院,河北,河北省教育厅,高职(专科),高等职业技术学校,工科
石家庄工程职业学院,河北,河北省教育厅,高职(专科),高等职业技术学校,工科
石家庄城市经济职业学院,河北,河北省教育厅,高职(专科),高等职业技术学校,语言
河北传媒学院,河北,河北省教育厅,本科/高职(专科),学院,艺术
唐山职业技术学院,河北,河北省教育厅,高职(专科),高等职业技术学校,医药
衡水职业技术学院,河北,河北省教育厅,高职(专科),高等职业技术学校,财经
唐山工业职业技术学院,河北,河北省教育厅,高职(专科),高等职业技术学校,工科
河北工程技术学院,河北,河北省教育厅,高职(专科),高等职业技术学校,财经
河北艺术职业学院,河北,河北省教育厅,高职(专科),高等职业技术学校,艺术
河北旅游职业学院,河北,河北省教育厅,高职(专科),高等职业技术学校,财经
石家庄财经职业学院,河北,河北省教育厅,高职(专科),高等职业技术学校,财经
河北交通职业技术学院,河北,河北省教育厅,高职(专科),高等职业技术学校,工科
河北化工医药职业技术学院,河北,河北省教育厅,高职(专科),高等职业技术学校,工科
石家庄信息工程职业学院,河北,河北省教育厅,高职(专科),高等职业技术学校,工科
河北外国语职业学院,河北,河北省教育厅,高职(专科),高等职业技术学校,语言
河北美术学院,河北,河北省教育厅,本科/高职(专科),学院,艺术
河北科技学院,河北,河北省教育厅,本科/高职(专科),学院,工科
保定电力职业技术学院,河北,河北省教育厅,高职(专科),高等职业技术学校,工科
河北机电职业技术学院,河北,河北省教育厅,高职(专科),高等职业技术学校,工科
渤海石油职业学院,河北,河北省教育厅,高职(专科),高等职业技术学校,工科
廊坊职业技术学院,河北,河北省教育厅,高职(专科),高等职业技术学校,工科
唐山科技职业技术学院,河北,河北省教育厅,高职(专科),高等职业技术学校,工科
石家庄邮电职业技术学院,河北,河北省教育厅,高职(专科),高等职业技术学校,工科
河北公安警察职业学院,河北,河北省教育厅,高职(专科),高等职业技术学校,政法
石家庄工商职业学院,河北,河北省教育厅,高职(专科),高等职业技术学校,财经
石家庄理工职业学院,河北,河北省教育厅,高职(专科),高等职业技术学校,工科
河北外国语学院,河北,河北省教育厅,本科,学院,综合
石家庄科技信息职业学院,河北,河北省教育厅,高职(专科),高等职业技术学校,工科
河北大学工商学院,河北,河北省教育厅,本科,独立学院,综合
华北理工大学轻工学院,河北,河北省教育厅,本科,独立学院,工科
河北科技大学理工学院,河北,河北省教育厅,本科,独立学院,工科
河北师范大学汇华学院,河北,河北省教育厅,本科,独立学院,师范
河北经贸大学经济管理学院,河北,河北省教育厅,本科,独立学院,财经
河北医科大学临床学院,河北,河北省教育厅,本科,独立学院,医药
华北电力大学科技学院,河北,河北省教育厅,本科,独立学院,工科
河北工程大学科信学院,河北,河北省教育厅,本科,独立学院,工科
燕山大学里仁学院,河北,河北省教育厅,本科,独立学院,工科
石家庄铁道大学四方学院,河北,河北省教育厅,本科,独立学院,工科
石家庄经济学院华信学院,河北,河北省教育厅,本科,独立学院,财经
河北农业大学现代科技学院,河北,河北省教育厅,本科,独立学院,农业
华北理工大学冀唐学院,河北,河北省教育厅,本科,独立学院,医药
河北司法警官职业学院,河北,河北省教育厅,高职(专科),高等职业技术学校,政法
沧州医学高等专科学校,河北,河北省教育厅,高职(专科),高等专科学校,医药
河北女子职业技术学院,河北,河北省教育厅,高职(专科),高等职业技术学校,语言
中国地质大学长城学院,河北,河北省教育厅,本科,独立学院,综合
燕京理工学院,河北,河北省教育厅,本科,独立学院,综合
北京中医药大学东方学院,河北,河北省教育厅,本科,独立学院,综合
石家庄医学高等专科学校,河北,河北省教育厅,高职(专科),高等专科学校,医药
石家庄经济职业学院,河北,河北省教育厅,高职(专科),高等职业技术学校,财经
冀中职业学院,河北,河北省教育厅,高职(专科),高等职业技术学校,工科
石家庄人民医学高等专科学校,河北,河北省教育厅,高职(专科),高等专科学校,医药
石家庄科技工程职业学院,河北,河北省教育厅,高职(专科),高等职业技术学校,工科
北京交通大学海滨学院,河北,河北省教育厅,本科,独立学院,工科
河北劳动关系职业学院,河北,河北省教育厅,高职(专科),高等职业技术学校,综合
石家庄科技职业学院,河北,河北省教育厅,高职(专科),高等职业技术学校,工科
廊坊东方职业技术学院,河北,河北省教育厅,高职(专科),高等职业技术学校,综合
泊头职业学院,河北,河北省教育厅,高职(专科),高等职业技术学校,师范
宣化科技职业学院,河北,河北省教育厅,高职(专科),高等职业技术学校,综合
廊坊燕京职业技术学院,河北,河北省教育厅,未知,高等职业技术学校,工科
承德护理职业学院,河北,河北省教育厅,未知,高等职业技术学校,医药
石家庄幼儿师范高等专科学校,河北,河北省教育厅,高职(专科),高等专科学校,师范
廊坊卫生职业学院,河北,河北省教育厅,高职(专科),高等专科学校,医药
河北轨道运输职业技术学院,河北,河北省教育厅,高职(专科),高等职业技术学校,工科
河北中医学院,河北,河北省教育厅,本科/高职(专科),学院,医药
张家口学院,河北,河北省教育厅,高职(专科),成人高等学校,师范
保定幼儿师范高等专科学校,河北,河北省教育厅,高职(专科),高等职业技术学校,师范
河北工艺美术职业学院,河北,河北省教育厅,高职(专科),学院,艺术
渤海理工职业学院,河北,河北省教育厅,高职(专科),学院,工科
东北大学秦皇岛分校 985 211 研,河北,教育部,本科,高等学校分校,工科
河北地质职工大学,河北,河北省教育厅,高职(专科),成人高等学校,工科
石家庄职工大学,河北,河北省教育厅,高职(专科),成人高等学校,综合
中国环境管理干部学院,河北,河北省教育厅,高职(专科),成人高等学校,综合
河北青年管理干部学院,河北,河北省教育厅,高职(专科),成人高等学校,综合
山西大学,山西,山西省教育厅,本科,大学,综合
太原科技大学,山西,山西省教育厅,本科/高职(专科),大学,工科
中北大学,山西,山西省教育厅,本科/高职(专科),大学,工科
太原理工大学 211,山西,山西省教育厅,本科/高职(专科),大学,工科
山西农业大学,山西,山西省教育厅,本科,大学,农业
山西医科大学,山西,山西省教育厅,本科/高职(专科),大学,医药
长治医学院,山西,山西省教育厅,本科/高职(专科),学院,医药
山西师范大学,山西,山西省教育厅,本科/高职(专科),大学,师范
太原师范学院,山西,山西省教育厅,本科/高职(专科),学院,师范
山西大同大学,山西,山西省教育厅,本科/高职(专科),大学,综合
晋中学院,山西,山西省教育厅,本科/高职(专科),学院,师范
长治学院,山西,山西省教育厅,本科/高职(专科),学院,师范
运城学院,山西,山西省教育厅,本科/高职(专科),学院,师范
忻州师范学院,山西,山西省教育厅,本科/高职(专科),学院,师范
山西财经大学,山西,山西省教育厅,本科,大学,财经
山西中医学院,山西,山西省教育厅,本科/高职(专科),学院,医药
吕梁学院,山西,山西省教育厅,本科/高职(专科),学院,师范
太原学院,山西,山西省教育厅,高职(专科),短期职业大学,工科
山西省财政税务专科学校,山西,山西省教育厅,高职(专科),高等专科学校,财经
山西警官高等专科学校,山西,山西省教育厅,高职(专科),高等专科学校,政法
长治职业技术学院,山西,山西省教育厅,高职(专科),高等职业技术学校,工科
山西艺术职业学院,山西,山西省教育厅,高职(专科),高等职业技术学校,艺术
晋城职业技术学院,山西,山西省教育厅,高职(专科),高等职业技术学校,工科
山西建筑职业技术学院,山西,山西省教育厅,高职(专科),高等职业技术学校,工科
山西药科职业学院,山西,山西省教育厅,高职(专科),高等职业技术学校,医药
山西工程职业技术学院,山西,山西省教育厅,高职(专科),高等职业技术学校,工科
山西交通职业技术学院,山西,山西省教育厅,高职(专科),高等职业技术学校,工科
山西应用科技学院,山西,山西省教育厅,高职(专科),高等职业技术学校,工科
大同煤炭职业技术学院,山西,山西省教育厅,高职(专科),高等职业技术学校,工科
山西机电职业技术学院,山西,山西省教育厅,高职(专科),高等职业技术学校,工科
山西戏剧职业学院,山西,山西省教育厅,高职(专科),高等职业技术学校,艺术
山西财贸职业技术学院,山西,山西省教育厅,高职(专科),高等职业技术学校,财经
山西林业职业技术学院,山西,山西省教育厅,高职(专科),高等职业技术学校,林业
山西水利职业技术学院,山西,山西省教育厅,高职(专科),高等职业技术学校,工科
临汾职业技术学院,山西,山西省教育厅,高职(专科),高等职业技术学校,综合
山西职业技术学院,山西,山西省教育厅,高职(专科),高等职业技术学校,工科
山西煤炭职业技术学院,山西,山西省教育厅,高职(专科),高等职业技术学校,工科
山西金融职业学院,山西,山西省教育厅,高职(专科),高等职业技术学校,财经
太原城市职业技术学院,山西,山西省教育厅,高职(专科),高等职业技术学校,工科
山西大学商务学院,山西,山西省教育厅,本科,独立学院,财经
太原理工大学现代科技学院,山西,山西省教育厅,本科,独立学院,工科
山西农业大学信息学院,山西,山西省教育厅,本科,独立学院,农业
山西师范大学现代文理学院,山西,山西省教育厅,本科,独立学院,师范
中北大学信息商务学院,山西,山西省教育厅,本科,独立学院,工科
山西信息职业技术学院,山西,山西省教育厅,高职(专科),高等职业技术学校,工科
太原科技大学华科学院,山西,山西省教育厅,本科,独立学院,工科
山西医科大学晋祠学院,山西,山西省教育厅,本科,独立学院,医药
山西财经大学华商学院,山西,山西省教育厅,本科,独立学院,财经
山西工商学院,山西,山西省教育厅,本科,学院,财经
山西体育职业学院,山西,山西省教育厅,高职(专科),高等职业技术学校,体育
山西警官职业学院,山西,山西省教育厅,高职(专科),高等职业技术学校,政法
山西国际商务职业学院,山西,山西省教育厅,高职(专科),高等职业技术学校,财经
潞安职业技术学院,山西,山西省教育厅,高职(专科),高等职业技术学校,工科
太原旅游职业学院,山西,山西省教育厅,高职(专科),高等职业技术学校,语言
山西旅游职业学院,山西,山西省教育厅,高职(专科),高等职业技术学校,语言
山西管理职业学院,山西,山西省教育厅,高职(专科),高等职业技术学校,财经
山西电力职业技术学院,山西,山西省教育厅,高职(专科),高等职业技术学校,工科
忻州职业技术学院,山西,山西省教育厅,高职(专科),高等职业技术学校,财经
山西同文职业技术学院,山西,山西省教育厅,高职(专科),高等职业技术学校,语言
晋中职业技术学院,山西,山西省教育厅,高职(专科),高等职业技术学校,综合
山西华澳商贸职业学院,山西,山西省教育厅,高职(专科),高等职业技术学校,财经
山西运城农业职业技术学院,山西,山西省教育厅,高职(专科),高等职业技术学校,农业
运城幼儿师范高等专科学校,山西,山西省教育厅,高职(专科),高等专科学校,师范
太原工业学院,山西,山西省教育厅,本科/高职(专科),学院,工科
山西老区职业技术学院,山西,山西省教育厅,高职(专科),高等职业技术学校,综合
山西经贸职业学院,山西,山西省教育厅,高职(专科),高等职业技术学校,财经
朔州职业技术学院,山西,山西省教育厅,高职(专科),高等职业技术学校,工科
运城职业技术学院,山西,山西省教育厅,高职(专科),高等职业技术学校,综合
山西轻工职业技术学院,山西,山西省教育厅,高职(专科),高等职业技术学校,综合
晋中师范高等专科学校,山西,山西省教育厅,高职(专科),高等专科学校,师范
阳泉师范高等专科学校,山西,山西省教育厅,高职(专科),高等专科学校,师范
山西青年职业学院,山西,山西省教育厅,高职(专科),成人高等学校,综合
运城护理职业学院,山西,山西省教育厅,高职(专科),高等职业技术学校,医药
山西传媒学院,山西,山西省教育厅,本科,学院,艺术
运城师范高等专科学校,山西,山西省教育厅,高职(专科),高等专科学校,师范
朔州师范高等专科学校,山西,山西省教育厅,高职(专科),高等专科学校,师范
吕梁职业技术学院,山西,山西省教育厅,高职(专科),学院,师范
山西工程技术学院,山西,山西省教育厅,本科,学院,工科
山西职工医学院,山西,山西省教育厅,高职(专科),成人高等学校,医药
山西煤炭管理干部学院,山西,山西省教育厅,高职(专科),成人高等学校,综合
山西省政法管理干部学院,山西,山西省教育厅,高职(专科),管理干部学院,综合
内蒙古大学 211,内蒙古,内蒙古自治区教育厅,本科/高职(专科),大学,综合
内蒙古科技大学,内蒙古,内蒙古自治区教育厅,本科/高职(专科),大学,综合
内蒙古工业大学,内蒙古,内蒙古自治区教育厅,本科/高职(专科),大学,工科
内蒙古农业大学,内蒙古,内蒙古自治区教育厅,本科/高职(专科),大学,农业
内蒙古医科大学,内蒙古,内蒙古自治区教育厅,本科/高职(专科),大学,医药
内蒙古师范大学,内蒙古,内蒙古自治区教育厅,本科/高职(专科),大学,师范
内蒙古民族大学,内蒙古,内蒙古自治区教育厅,本科/高职(专科),大学,综合
赤峰学院,内蒙古,内蒙古自治区教育厅,本科/高职(专科),学院,综合
内蒙古财经大学,内蒙古,内蒙古自治区教育厅,本科/高职(专科),学院,财经
呼伦贝尔学院,内蒙古,内蒙古自治区教育厅,本科/高职(专科),学院,综合
内蒙古建筑职业技术学院,内蒙古,内蒙古自治区教育厅,高职(专科),高等职业技术学校,工科
集宁师范学院,内蒙古,内蒙古自治区教育厅,本科/高职(专科),学院,师范
内蒙古丰州职业学院,内蒙古,内蒙古自治区教育厅,高职(专科),高等职业技术学校,工科
河套学院,内蒙古,内蒙古自治区教育厅,本科,学院,综合
呼和浩特民族学院,内蒙古,内蒙古自治区教育厅,本科/高职(专科),学院,语言
包头职业技术学院,内蒙古,内蒙古自治区教育厅,高职(专科),高等职业技术学校,工科
兴安职业技术学院,内蒙古,内蒙古自治区教育厅,高职(专科),高等职业技术学校,师范
呼和浩特职业学院,内蒙古,内蒙古自治区教育厅,高职(专科),高等职业技术学校,综合
包头轻工职业技术学院,内蒙古,内蒙古自治区教育厅,高职(专科),高等职业技术学校,工科
内蒙古电子信息职业技术学院,内蒙古,内蒙古自治区教育厅,高职(专科),高等职业技术学校,工科
内蒙古机电职业技术学院,内蒙古,内蒙古自治区教育厅,高职(专科),高等职业技术学校,工科
内蒙古化工职业学院,内蒙古,内蒙古自治区教育厅,高职(专科),高等职业技术学校,工科
内蒙古商贸职业学院,内蒙古,内蒙古自治区教育厅,高职(专科),高等职业技术学校,财经
锡林郭勒职业学院,内蒙古,内蒙古自治区教育厅,高职(专科),高等职业技术学校,师范
内蒙古警察职业学院,内蒙古,内蒙古自治区教育厅,高职(专科),高等职业技术学校,政法
内蒙古体育职业学院,内蒙古,内蒙古自治区教育厅,高职(专科),高等职业技术学校,体育
乌兰察布职业学院,内蒙古,内蒙古自治区教育厅,高职(专科),高等职业技术学校,财经
通辽职业学院,内蒙古,内蒙古自治区教育厅,高职(专科),高等职业技术学校,师范
科尔沁艺术职业学院,内蒙古,内蒙古自治区教育厅,高职(专科),高等职业技术学校,艺术
内蒙古交通职业技术学院,内蒙古,内蒙古自治区教育厅,高职(专科),高等职业技术学校,工科
包头钢铁职业技术学院,内蒙古,内蒙古自治区教育厅,高职(专科),高等职业技术学校,工科
乌海职业技术学院,内蒙古,内蒙古自治区教育厅,高职(专科),高等职业技术学校,工科
内蒙古科技职业学院,内蒙古,内蒙古自治区教育厅,高职(专科),高等职业技术学校,工科
内蒙古北方职业技术学院,内蒙古,内蒙古自治区教育厅,高职(专科),高等职业技术学校,综合
内蒙古经贸外语职业学院,内蒙古,内蒙古自治区教育厅,高职(专科),高等职业技术学校,语言
包头铁道职业技术学院,内蒙古,内蒙古自治区教育厅,高职(专科),高等职业技术学校,工科
内蒙古大学创业学院,内蒙古,内蒙古自治区教育厅,本科,独立学院,综合
内蒙古师范大学鸿德学院,内蒙古,内蒙古自治区教育厅,本科,独立学院,师范
乌兰察布医学高等专科学校,内蒙古,内蒙古自治区教育厅,高职(专科),高等专科学校,医药
鄂尔多斯职业学院,内蒙古,内蒙古自治区教育厅,高职(专科),高等职业技术学校,综合
呼伦贝尔职业技术学院,内蒙古,内蒙古自治区教育厅,高职(专科),高等职业技术学校,工科
满洲里俄语职业学院,内蒙古,内蒙古自治区教育厅,高职(专科),高等职业技术学校,语言
内蒙古能源职业学院,内蒙古,内蒙古自治区教育厅,高职(专科),高等专科学校,工科
赤峰工业职业技术学院,内蒙古,内蒙古自治区教育厅,高职(专科),高等职业技术学校,工科
阿拉善职业技术学院,内蒙古,内蒙古自治区教育厅,高职(专科),高等专科学校,工科
内蒙古美术职业学院,内蒙古,内蒙古自治区教育厅,高职(专科),高等职业技术学校,艺术
内蒙古民族幼儿师范高等专科学校,内蒙古,内蒙古自治区教育厅,高职(专科),高等职业技术学校,师范
鄂尔多斯生态环境职业学院,内蒙古,内蒙古自治区教育厅,高职(专科),学院,农业
内蒙古艺术学院,内蒙古,内蒙古自治区教育厅,本科,学院,艺术
鄂尔多斯应用技术学院,内蒙古,内蒙古自治区教育厅,本科,学院,综合
扎兰屯职业学院,内蒙古,内蒙古自治区教育厅,高职(专科),高等职业技术学校,综合
内蒙古科技大学包头师范学院,内蒙古,内蒙古自治区教育厅,本科/高职(专科),高等学校分校,综合
内蒙古科技大学包头医学院,内蒙古,内蒙古自治区教育厅,本科/高职(专科),高等学校分校,综合
辽宁大学 211,辽宁,辽宁省教育厅,本科,大学,综合
大连理工大学 985 211 研,辽宁,教育部,本科,大学,工科
沈阳工业大学,辽宁,辽宁省教育厅,本科/高职(专科),大学,工科
沈阳航空航天大学,辽宁,辽宁省教育厅,本科/高职(专科),大学,工科
沈阳理工大学,辽宁,辽宁省教育厅,本科/高职(专科),大学,工科
东北大学 985 211 研,辽宁,教育部,本科,大学,工科
辽宁科技大学,辽宁,辽宁省教育厅,本科/高职(专科),大学,工科
辽宁工程技术大学,辽宁,辽宁省教育厅,本科/高职(专科),大学,工科
辽宁石油化工大学,辽宁,辽宁省教育厅,本科/高职(专科),大学,工科
沈阳化工大学,辽宁,辽宁省教育厅,本科,大学,工科
大连交通大学,辽宁,辽宁省教育厅,本科/高职(专科),大学,工科
大连海事大学 211,辽宁,交通部,本科,大学,工科
大连工业大学,辽宁,辽宁省教育厅,本科,大学,工科
沈阳建筑大学,辽宁,辽宁省教育厅,本科,大学,工科
辽宁工业大学,辽宁,辽宁省教育厅,本科/高职(专科),大学,工科
沈阳农业大学,辽宁,辽宁省教育厅,本科/高职(专科),大学,农业
大连海洋大学,辽宁,辽宁省教育厅,本科/高职(专科),大学,农业
中国医科大学,辽宁,辽宁省教育厅,本科/高职(专科),大学,医药
辽宁医学院,辽宁,辽宁省教育厅,本科/高职(专科),学院,医药
大连医科大学,辽宁,辽宁省教育厅,本科/高职(专科),大学,医药
辽宁中医药大学,辽宁,辽宁省教育厅,本科/高职(专科),大学,医药
沈阳药科大学,辽宁,辽宁省教育厅,本科/高职(专科),大学,医药
沈阳医学院,辽宁,辽宁省教育厅,本科/高职(专科),学院,医药
辽宁师范大学,辽宁,辽宁省教育厅,本科,大学,师范
沈阳师范大学,辽宁,辽宁省教育厅,本科/高职(专科),大学,师范
渤海大学,辽宁,辽宁省教育厅,本科/高职(专科),大学,综合
鞍山师范学院,辽宁,辽宁省教育厅,本科/高职(专科),学院,师范
朝阳师范高等专科学校,辽宁,辽宁省教育厅,高职(专科),高等专科学校,师范
大连外国语大学,辽宁,辽宁省教育厅,本科,大学,语言
东北财经大学,辽宁,辽宁省教育厅,本科,大学,财经
中国刑事警察学院,辽宁,公安部,本科,学院,政法
沈阳体育学院,辽宁,辽宁省教育厅,本科,学院,体育
沈阳音乐学院,辽宁,辽宁省教育厅,本科,学院,艺术
鲁迅美术学院,辽宁,辽宁省教育厅,本科,学院,艺术
抚顺师范高等专科学校,辽宁,辽宁省教育厅,高职(专科),高等专科学校,师范
锦州师范高等专科学校,辽宁,辽宁省教育厅,高职(专科),高等专科学校,师范
营口职业技术学院,辽宁,辽宁省教育厅,高职(专科),高等职业技术学校,综合
铁岭师范高等专科学校,辽宁,辽宁省教育厅,高职(专科),高等专科学校,师范
辽宁对外经贸学院,辽宁,辽宁省教育厅,本科/高职(专科),学院,财经
大连职业技术学院,辽宁,辽宁省教育厅,高职(专科),高等职业技术学校,综合
沈阳大学,辽宁,辽宁省教育厅,本科,大学,综合
抚顺职业技术学院,辽宁,辽宁省教育厅,高职(专科),高等职业技术学校,综合
辽宁农业职业技术学院,辽宁,辽宁省教育厅,高职(专科),高等职业技术学校,农业
辽阳职业技术学院,辽宁,辽宁省教育厅,高职(专科),高等职业技术学校,综合
阜新高等专科学校,辽宁,辽宁省教育厅,高职(专科),高等专科学校,综合
大连大学,辽宁,辽宁省教育厅,本科/高职(专科),大学,综合
辽宁科技学院,辽宁,辽宁省教育厅,本科/高职(专科),学院,工科
辽宁警察学院,辽宁,辽宁省教育厅,本科/高职(专科),高等专科学校,政法
辽宁省交通高等专科学校,辽宁,辽宁省教育厅,高职(专科),高等专科学校,工科
沈阳工程学院,辽宁,辽宁省教育厅,本科/高职(专科),学院,工科
辽东学院,辽宁,辽宁省教育厅,本科/高职(专科),学院,财经
大连民族学院,辽宁,国家民族事务委员会,本科,学院,民族
盘锦职业技术学院,辽宁,辽宁省教育厅,高职(专科),高等职业技术学校,综合
辽宁体育运动职业技术学院,辽宁,辽宁省教育厅,高职(专科),高等职业技术学校,体育
辽宁职业学院,辽宁,辽宁省教育厅,高职(专科),高等职业技术学校,农业
辽宁林业职业技术学院,辽宁,辽宁省教育厅,高职(专科),高等职业技术学校,林业
沈阳职业技术学院,辽宁,辽宁省教育厅,高职(专科),高等职业技术学校,综合
辽宁理工职业学院,辽宁,辽宁省教育厅,高职(专科),高等职业技术学校,财经
辽宁金融职业学院,辽宁,辽宁省教育厅,高职(专科),高等职业技术学校,财经
辽宁轨道交通职业学院,辽宁,辽宁省教育厅,高职(专科),学院,工科
辽宁广告职业学院,辽宁,辽宁省教育厅,高职(专科),高等职业技术学校,艺术
辽宁机电职业技术学院,辽宁,辽宁省教育厅,高职(专科),高等职业技术学校,工科
辽宁经济职业技术学院,辽宁,辽宁省教育厅,高职(专科),高等职业技术学校,综合
辽宁石化职业技术学院,辽宁,辽宁省教育厅,高职(专科),高等职业技术学校,工科
渤海船舶职业学院,辽宁,辽宁省教育厅,高职(专科),高等职业技术学校,工科
大连理工大学城市学院,辽宁,辽宁省教育厅,本科,独立学院,工科
沈阳工学院,辽宁,辽宁省教育厅,本科,独立学院,工科
大连工业大学艺术与信息工程学院,辽宁,辽宁省教育厅,本科,独立学院,工科
大连科技学院,辽宁,辽宁省教育厅,本科,独立学院,工科
沈阳城市建设学院,辽宁,辽宁省教育厅,本科,独立学院,工科
大连医科大学中山学院,辽宁,辽宁省教育厅,本科,独立学院,医药
辽宁医学院医疗学院,辽宁,辽宁省教育厅,本科,独立学院,医药
辽宁师范大学海华学院,辽宁,辽宁省教育厅,本科,独立学院,师范
辽宁理工学院,辽宁,辽宁省教育厅,本科,独立学院,综合
大连财经学院,辽宁,辽宁省教育厅,本科,独立学院,财经
沈阳城市学院,辽宁,辽宁省教育厅,本科,独立学院,综合
大连艺术学院,辽宁,辽宁省教育厅,本科,学院,艺术
辽宁中医药大学杏林学院,辽宁,辽宁省教育厅,本科,独立学院,医药
辽宁何氏医学院,辽宁,辽宁省教育厅,本科/高职(专科),学院,医药
沈阳化工大学科亚学院,辽宁,辽宁省教育厅,本科,独立学院,工科
大连东软信息学院,辽宁,辽宁省教育厅,本科,学院,工科
辽宁财贸学院,辽宁,辽宁省教育厅,本科,学院,综合
辽宁传媒学院,辽宁,辽宁省教育厅,高职(专科),高等职业技术学校,艺术
大连软件职业学院,辽宁,辽宁省教育厅,高职(专科),高等职业技术学校,工科
辽宁商贸职业学院,辽宁,辽宁省教育厅,高职(专科),高等职业技术学校,财经
大连枫叶职业技术学院,辽宁,辽宁省教育厅,高职(专科),高等职业技术学校,综合
辽宁装备制造职业技术学院,辽宁,辽宁省教育厅,高职(专科),高等职业技术学校,工科
辽宁地质工程职业学院,辽宁,辽宁省教育厅,高职(专科),高等职业技术学校,工科
辽宁铁道职业技术学院,辽宁,辽宁省教育厅,高职(专科),高等职业技术学校,工科
辽宁建筑职业学院,辽宁,辽宁省教育厅,高职(专科),学院,工科
大连航运职业技术学院,辽宁,辽宁省教育厅,高职(专科),高等职业技术学校,工科
大连装备制造职业技术学院,辽宁,辽宁省教育厅,高职(专科),高等职业技术学校,工科
大连汽车职业技术学院,辽宁,辽宁省教育厅,高职(专科),高等职业技术学校,综合
辽宁现代服务职业技术学院,辽宁,辽宁省教育厅,高职(专科),高等职业技术学校,综合
辽宁冶金职业技术学院,辽宁,辽宁省教育厅,高职(专科),高等职业技术学校,工科
辽宁工程职业学院,辽宁,辽宁省教育厅,高职(专科),高等职业技术学校,工科
辽宁城市建设职业技术学院,辽宁,辽宁省教育厅,高职(专科),高等职业技术学校,工科
辽宁医药职业学院,辽宁,辽宁省教育厅,高职(专科),高等职业技术学校,医药
铁岭卫生职业学院,辽宁,辽宁省教育厅,高职(专科),高等职业技术学校,医药
沈阳北软信息职业技术学院,辽宁,辽宁省教育厅,高职(专科),高等职业技术学校,工科
辽宁政法职业学院,辽宁,辽宁省教育厅,高职(专科),学院,政法
营口理工学院,辽宁,辽宁省教育厅,本科,学院,工科
辽宁民族师范高等专科学校,辽宁,辽宁省教育厅,高职(专科),高等专科学校,师范
辽宁轻工职业学院,辽宁,辽宁省教育厅,高职(专科),学院,工科
辽宁水利职业学院,辽宁,辽宁省教育厅,高职(专科),学院,综合
辽宁特殊教育师范高等专科学校,辽宁,辽宁省教育厅,高职(专科),高等专科学校,综合
大连理工大学盘锦校区 985 211 研,辽宁,教育部,本科,高等学校分校,工科
吉林大学 985 211 研,吉林,教育部,本科/高职(专科),大学,综合
延边大学 211,吉林,吉林省教育厅,本科/高职(专科),大学,综合
长春理工大学,吉林,吉林省教育厅,本科,大学,工科
东北电力大学,吉林,吉林省教育厅,本科/高职(专科),大学,工科
长春工业大学,吉林,吉林省教育厅,本科/高职(专科),大学,工科
吉林建筑大学,吉林,吉林省教育厅,本科,大学,工科
吉林化工学院,吉林,吉林省教育厅,本科,学院,工科
吉林农业大学,吉林,吉林省教育厅,本科/高职(专科),大学,农业
长春中医药大学,吉林,吉林省教育厅,本科,大学,医药
东北师范大学 211 研,吉林,教育部,本科,大学,师范
北华大学,吉林,吉林省教育厅,本科/高职(专科),大学,综合
通化师范学院,吉林,吉林省教育厅,本科/高职(专科),学院,师范
吉林师范大学,吉林,吉林省教育厅,本科/高职(专科),大学,师范
吉林工程技术师范学院,吉林,吉林省教育厅,本科/高职(专科),学院,师范
长春师范大学,吉林,吉林省教育厅,本科,大学,师范
白城师范学院,吉林,吉林省教育厅,本科/高职(专科),学院,师范
吉林财经大学,吉林,吉林省教育厅,本科,大学,财经
吉林体育学院,吉林,吉林省教育厅,本科,学院,体育
吉林艺术学院,吉林,吉林省教育厅,本科/高职(专科),学院,艺术
辽源职业技术学院,吉林,吉林省教育厅,高职(专科),高等职业技术学校,工科
吉林华桥外国语学院,吉林,吉林省教育厅,本科,学院,语言
四平职业大学,吉林,吉林省教育厅,高职(专科),短期职业大学,工科
吉林工商学院,吉林,吉林省教育厅,本科/高职(专科),学院,财经
长春汽车工业高等专科学校,吉林,吉林省教育厅,高职(专科),高等专科学校,工科
长春工程学院,吉林,吉林省教育厅,本科/高职(专科),学院,工科
吉林农业科技学院,吉林,吉林省教育厅,本科/高职(专科),学院,农业
长春金融高等专科学校,吉林,吉林省教育厅,高职(专科),高等专科学校,财经
吉林警察学院,吉林,吉林省教育厅,本科/高职(专科),学院,政法
长春大学,吉林,吉林省教育厅,本科/高职(专科),大学,综合
长春医学高等专科学校,吉林,吉林省教育厅,高职(专科),高等专科学校,医药
吉林交通职业技术学院,吉林,吉林省教育厅,高职(专科),高等职业技术学校,工科
长春东方职业学院,吉林,吉林省教育厅,高职(专科),高等职业技术学校,医药
吉林司法警官职业学院,吉林,吉林省教育厅,高职(专科),高等职业技术学校,政法
吉林电子信息职业技术学院,吉林,吉林省教育厅,高职(专科),高等职业技术学校,工科
吉林工业职业技术学院,吉林,吉林省教育厅,高职(专科),高等职业技术学校,工科
吉林工程职业学院,吉林,吉林省教育厅,高职(专科),高等职业技术学校,农业
长春职业技术学院,吉林,吉林省教育厅,高职(专科),高等职业技术学校,综合
长春光华学院,吉林,吉林省教育厅,本科,独立学院,综合
长春工业大学人文信息学院,吉林,吉林省教育厅,本科/高职(专科),独立学院,工科
长春理工大学光电信息学院,吉林,吉林省教育厅,本科,独立学院,工科
长春财经学院,吉林,吉林省教育厅,本科,学院,财经
吉林建筑大学城建学院,吉林,吉林省教育厅,本科,独立学院,工科
长春建筑学院,吉林,吉林省教育厅,本科,学院,工科
长春科技学院,吉林,吉林省教育厅,本科,独立学院,综合
吉林动画学院,吉林,吉林省教育厅,本科,学院,艺术
吉林师范大学博达学院,吉林,吉林省教育厅,本科,独立学院,师范
长春大学旅游学院,吉林,吉林省教育厅,本科/高职(专科),独立学院,综合
东北师范大学人文学院,吉林,吉林省教育厅,本科,独立学院,综合
吉林医药学院,吉林,吉林省教育厅,本科/高职(专科),学院,医药
白城医学高等专科学校,吉林,吉林省教育厅,高职(专科),高等专科学校,医药
长春信息技术职业学院,吉林,吉林省教育厅,高职(专科),高等职业技术学校,工科
松原职业技术学院,吉林,吉林省教育厅,高职(专科),高等职业技术学校,综合
吉林铁道职业技术学院,吉林,吉林省教育厅,高职(专科),高等职业技术学校,工科
白城职业技术学院,吉林,吉林省教育厅,高职(专科),高等职业技术学校,综合
长白山职业技术学院,吉林,吉林省教育厅,高职(专科),高等职业技术学校,工科
吉林科技职业技术学院,吉林,吉林省教育厅,高职(专科),高等职业技术学校,工科
延边职业技术学院,吉林,吉林省教育厅,高职(专科),高等职业技术学校,综合
吉林城市职业技术学院,吉林,吉林省教育厅,高职(专科),高等职业技术学校,工科
吉林省教育学院,吉林,吉林省教育厅,高职(专科),成人高等学校,师范
吉林省经济管理干部学院,吉林,吉林省教育厅,高职(专科),成人高等学校,财经
黑龙江大学,黑龙江,黑龙江省教育厅,本科,大学,综合
哈尔滨工业大学 985 211 研,黑龙江,工业和信息化部,本科,大学,工科
哈尔滨理工大学,黑龙江,黑龙江省教育厅,本科/高职(专科),大学,工科
哈尔滨工程大学 211 研,黑龙江,工业和信息化部,本科,大学,工科
黑龙江科技大学,黑龙江,黑龙江省教育厅,本科/高职(专科),大学,工科
东北石油大学,黑龙江,黑龙江省教育厅,本科/高职(专科),大学,工科
佳木斯大学,黑龙江,黑龙江省教育厅,本科/高职(专科),大学,综合
黑龙江八一农垦大学,黑龙江,黑龙江省教育厅,本科,大学,农业
东北农业大学 211,黑龙江,黑龙江省教育厅,本科,大学,农业
东北林业大学 211,黑龙江,教育部,本科,大学,林业
哈尔滨医科大学,黑龙江,黑龙江省教育厅,本科/高职(专科),大学,医药
黑龙江中医药大学,黑龙江,黑龙江省教育厅,本科/高职(专科),大学,医药
牡丹江医学院,黑龙江,黑龙江省教育厅,本科/高职(专科),学院,医药
哈尔滨师范大学,黑龙江,黑龙江省教育厅,本科/高职(专科),大学,师范
齐齐哈尔大学,黑龙江,黑龙江省教育厅,本科/高职(专科),大学,综合
牡丹江师范学院,黑龙江,黑龙江省教育厅,本科/高职(专科),学院,师范
哈尔滨学院,黑龙江,黑龙江省教育厅,本科/高职(专科),学院,综合
大庆师范学院,黑龙江,黑龙江省教育厅,本科,学院,综合
绥化学院,黑龙江,黑龙江省教育厅,本科,学院,综合
齐齐哈尔高等师范专科学校,黑龙江,黑龙江省教育厅,高职(专科),高等专科学校,师范
哈尔滨商业大学,黑龙江,黑龙江省教育厅,本科,大学,财经
哈尔滨体育学院,黑龙江,黑龙江省教育厅,本科,学院,体育
哈尔滨金融学院,黑龙江,黑龙江省教育厅,本科/高职(专科),学院,财经
伊春职业学院,黑龙江,黑龙江省教育厅,高职(专科),高等职业技术学校,综合
牡丹江大学,黑龙江,黑龙江省教育厅,高职(专科),短期职业大学,综合
齐齐哈尔医学院,黑龙江,黑龙江省教育厅,本科/高职(专科),学院,医药
黑龙江工业学院,黑龙江,黑龙江省教育厅,本科/高职(专科),学院,工科
黑龙江东方学院,黑龙江,黑龙江省教育厅,本科,学院,综合
黑龙江职业学院,黑龙江,黑龙江省教育厅,高职(专科),高等职业技术学校,综合
哈尔滨信息工程学院,黑龙江,黑龙江省教育厅,本科/高职(专科),学院,工科
黑龙江工程学院,黑龙江,黑龙江省教育厅,本科/高职(专科),学院,工科
鹤岗师范高等专科学校,黑龙江,黑龙江省教育厅,高职(专科),高等专科学校,师范
黑龙江建筑职业技术学院,黑龙江,黑龙江省教育厅,高职(专科),高等职业技术学校,工科
黑龙江艺术职业学院,黑龙江,黑龙江省教育厅,高职(专科),高等职业技术学校,艺术
大庆职业学院,黑龙江,黑龙江省教育厅,高职(专科),高等职业技术学校,综合
黑龙江林业职业技术学院,黑龙江,黑龙江省教育厅,高职(专科),高等职业技术学校,林业
黑龙江农业职业技术学院,黑龙江,黑龙江省教育厅,高职(专科),高等职业技术学校,农业
黑龙江农业工程职业学院,黑龙江,黑龙江省教育厅,高职(专科),高等职业技术学校,农业
黑龙江农垦职业学院,黑龙江,黑龙江省教育厅,高职(专科),高等职业技术学校,农业
黑龙江司法警官职业学院,黑龙江,黑龙江省教育厅,高职(专科),高等职业技术学校,政法
齐齐哈尔工程学院,黑龙江,黑龙江省教育厅,本科/高职(专科),学院,综合
哈尔滨电力职业技术学院,黑龙江,黑龙江省教育厅,高职(专科),高等职业技术学校,工科
哈尔滨铁道职业技术学院,黑龙江,黑龙江省教育厅,高职(专科),高等职业技术学校,工科
大兴安岭职业学院,黑龙江,黑龙江省教育厅,高职(专科),高等职业技术学校,综合
黑龙江农业经济职业学院,黑龙江,黑龙江省教育厅,高职(专科),高等职业技术学校,农业
哈尔滨职业技术学院,黑龙江,黑龙江省教育厅,高职(专科),高等职业技术学校,综合
黑龙江外国语学院,黑龙江,黑龙江省教育厅,本科,学院,师范
黑龙江财经学院,黑龙江,黑龙江省教育厅,本科/高职(专科),学院,财经
哈尔滨石油学院,黑龙江,黑龙江省教育厅,本科,学院,工科
黑龙江工商学院,黑龙江,黑龙江省教育厅,本科,独立学院,农业
哈尔滨远东理工学院,黑龙江,黑龙江省教育厅,本科/高职(专科),独立学院,工科
哈尔滨传媒职业学院,黑龙江,黑龙江省教育厅,高职(专科),高等职业技术学校,综合
哈尔滨剑桥学院,黑龙江,黑龙江省教育厅,本科,学院,综合
黑龙江工程学院昆仑旅游学院,黑龙江,黑龙江省教育厅,本科/高职(专科),独立学院,工科
哈尔滨广厦学院,黑龙江,黑龙江省教育厅,本科,独立学院,综合
哈尔滨华德学院,黑龙江,黑龙江省教育厅,本科,学院,工科
黑龙江生物科技职业学院,黑龙江,黑龙江省教育厅,高职(专科),高等职业技术学校,农业
黑龙江商业职业学院,黑龙江,黑龙江省教育厅,高职(专科),高等职业技术学校,财经
黑龙江信息技术职业学院,黑龙江,黑龙江省教育厅,高职(专科),高等职业技术学校,工科
哈尔滨江南职业技术学院,黑龙江,黑龙江省教育厅,高职(专科),高等职业技术学校,综合
黑龙江农垦科技职业学院,黑龙江,黑龙江省教育厅,高职(专科),高等职业技术学校,农业
黑龙江旅游职业技术学院,黑龙江,黑龙江省教育厅,高职(专科),高等职业技术学校,财经
黑龙江三江美术职业学院,黑龙江,黑龙江省教育厅,高职(专科),高等职业技术学校,艺术
黑龙江生态工程职业学院,黑龙江,黑龙江省教育厅,高职(专科),高等职业技术学校,林业
黑龙江煤炭职业技术学院,黑龙江,黑龙江省教育厅,高职(专科),高等职业技术学校,工科
黑河学院,黑龙江,黑龙江省教育厅,本科/高职(专科),学院,综合
七台河职业学院,黑龙江,黑龙江省教育厅,高职(专科),高等职业技术学校,综合
黑龙江民族职业学院,黑龙江,黑龙江省教育厅,高职(专科),高等职业技术学校,民族
大庆医学高等专科学校,黑龙江,黑龙江省教育厅,高职(专科),高等专科学校,医药
黑龙江交通职业技术学院,黑龙江,黑龙江省教育厅,高职(专科),高等职业技术学校,工科
哈尔滨应用职业技术学院,黑龙江,黑龙江省教育厅,高职(专科),高等职业技术学校,工科
黑龙江幼儿师范高等专科学校,黑龙江,黑龙江省教育厅,高职(专科),高等专科学校,师范
哈尔滨科学技术职业学院,黑龙江,黑龙江省教育厅,高职(专科),高等职业技术学校,工科
黑龙江粮食职业学院,黑龙江,黑龙江省教育厅,高职(专科),高等职业技术学校,工科
佳木斯职业学院,黑龙江,黑龙江省教育厅,高职(专科),高等职业技术学校,综合
黑龙江护理高等专科学校,黑龙江,黑龙江省教育厅,高职(专科),高等专科学校,医药
齐齐哈尔理工职业学院,黑龙江,黑龙江省教育厅,高职(专科),高等职业技术学校,工科
哈尔滨幼儿师范高等专科学校,黑龙江,黑龙江省教育厅,高职(专科),高等专科学校,师范
黑龙江冰雪体育职业学院,黑龙江,黑龙江省教育厅,高职(专科),高等职业技术学校,体育
黑龙江农垦管理干部学院,黑龙江,黑龙江省教育厅,高职(专科),管理干部学院,综合
黑龙江省政法管理干部学院,黑龙江,黑龙江省教育厅,高职(专科),成人高等学校,政法
哈尔滨市职工医学院,黑龙江,黑龙江省教育厅,高职(专科),成人高等学校,医药
复旦大学 985 211 研,上海,教育部,本科/高职(专科),大学,综合
同济大学 985 211 研,上海,教育部,本科/高职(专科),大学,工科
上海交通大学 985 211 研,上海,教育部,本科,大学,综合
华东理工大学 211 研,上海,教育部,本科,大学,工科
上海理工大学,上海,上海市教育委员会,本科/高职(专科),大学,工科
上海海事大学,上海,上海市教育委员会,本科/高职(专科),大学,工科
东华大学 211,上海,教育部,本科,大学,工科
上海电力学院,上海,上海市教育委员会,本科/高职(专科),学院,工科
上海应用技术学院,上海,上海市教育委员会,本科/高职(专科),学院,工科
上海健康医学院,上海,上海市教育委员会,本科,学院,医药
上海海洋大学,上海,上海市教育委员会,本科/高职(专科),大学,农业
上海中医药大学,上海,上海市教育委员会,本科/高职(专科),大学,医药
华东师范大学 985 211 研,上海,教育部,本科/高职(专科),大学,师范
上海师范大学,上海,上海市教育委员会,本科/高职(专科),大学,师范
上海外国语大学 211,上海,教育部,本科/高职(专科),大学,语言
上海财经大学 211,上海,教育部,本科,大学,财经
上海对外经贸大学,上海,上海市教育委员会,本科/高职(专科),学院,财经
上海海关学院,上海,海关总署,本科/高职(专科),高等专科学校,综合
上海旅游高等专科学校,上海,上海市教育委员会,高职(专科),高等专科学校,财经
华东政法大学,上海,上海市教育委员会,本科,大学,政法
上海体育学院,上海,上海市教育委员会,本科,学院,体育
上海音乐学院,上海,上海市教育委员会,本科,学院,艺术
上海戏剧学院,上海,上海市教育委员会,本科,学院,艺术
上海大学 211,上海,上海市教育委员会,本科/高职(专科),大学,综合
上海东海职业技术学院,上海,上海市教育委员会,高职(专科),高等职业技术学校,综合
上海工商职业技术学院,上海,上海市教育委员会,高职(专科),高等职业技术学校,综合
上海工程技术大学,上海,上海市教育委员会,本科/高职(专科),大学,工科
上海立信会计学院,上海,上海市教育委员会,本科/高职(专科),学院,财经
上海电机学院,上海,上海市教育委员会,本科/高职(专科),学院,工科
上海金融学院,上海,上海市教育委员会,本科/高职(专科),学院,财经
上海出版印刷高等专科学校,上海,上海市教育委员会,高职(专科),高等专科学校,工科
上海杉达学院,上海,上海市教育委员会,本科/高职(专科),学院,财经
上海政法学院,上海,上海市教育委员会,本科/高职(专科),学院,政法
上海第二工业大学,上海,上海市教育委员会,本科/高职(专科),大学,工科
上海商学院,上海,上海市教育委员会,本科/高职(专科),学院,财经
上海行健职业学院,上海,上海市教育委员会,高职(专科),高等职业技术学校,财经
上海城市管理职业技术学院,上海,上海市教育委员会,高职(专科),高等职业技术学校,工科
上海交通职业技术学院,上海,上海市教育委员会,高职(专科),高等职业技术学校,工科
上海海事职业技术学院,上海,上海市教育委员会,高职(专科),高等职业技术学校,工科
上海电子信息职业技术学院,上海,上海市教育委员会,高职(专科),高等职业技术学校,工科
上海震旦职业学院,上海,上海市教育委员会,高职(专科),高等职业技术学校,财经
上海民远职业技术学院,上海,上海市教育委员会,高职(专科),高等职业技术学校,工科
上海思博职业技术学院,上海,上海市教育委员会,高职(专科),高等职业技术学校,综合
上海立达职业技术学院,上海,上海市教育委员会,高职(专科),高等职业技术学校,综合
上海工艺美术职业学院,上海,上海市教育委员会,高职(专科),高等职业技术学校,艺术
上海济光职业技术学院,上海,上海市教育委员会,高职(专科),高等职业技术学校,综合
上海建桥学院,上海,上海市教育委员会,本科/高职(专科),学院,综合
上海工商外国语职业学院,上海,上海市教育委员会,高职(专科),高等职业技术学校,语言
上海科学技术职业学院,上海,上海市教育委员会,高职(专科),高等职业技术学校,综合
上海农林职业技术学院,上海,上海市教育委员会,高职(专科),高等职业技术学校,农业
上海邦德职业技术学院,上海,上海市教育委员会,高职(专科),高等职业技术学校,综合
上海兴伟学院,上海,上海市教育委员会,本科/高职(专科),高等职业技术学校,工科
上海中侨职业技术学院,上海,上海市教育委员会,高职(专科),高等职业技术学校,综合
上海建峰职业技术学院,上海,上海市教育委员会,高职(专科),高等职业技术学校,综合
上海视觉艺术学院,上海,上海市教育委员会,本科,学院,艺术
上海外国语大学贤达经济人文学院,上海,上海市教育委员会,本科,独立学院,财经
上海电影艺术职业学院,上海,上海市教育委员会,高职(专科),高等职业技术学校,艺术
上海师范大学天华学院,上海,上海市教育委员会,本科,独立学院,综合
上海工会管理职业学院,上海,上海市教育委员会,高职(专科),高等职业技术学校,综合
上海民航职业技术学院,上海,中国民用航空总局,高职(专科),高等职业技术学校,工科
上海科技大学,上海,上海市教育委员会,本科,大学,综合
上海纽约大学,上海,上海市教育委员会,本科,大学,综合
复旦大学上海医学院 985 211 研,上海,教育部,本科,高等学校分校,医药
上海交通大学医学院 985 211 研,上海,教育部,本科,高等学校分校,医药
南京大学 985 211 研,江苏,教育部,本科,大学,综合
苏州大学 211,江苏,江苏省教育厅,本科,大学,综合
东南大学 985 211 研,江苏,教育部,本科,大学,综合
南京航空航天大学 211 研,江苏,工业和信息化部,本科,大学,工科
南京理工大学 211 研,江苏,工业和信息化部,本科,大学,工科
江苏科技大学,江苏,江苏省教育厅,本科,大学,工科
中国矿业大学(徐州) 211 研,江苏,教育部,本科,大学,工科
南京工业大学,江苏,江苏省教育厅,本科,大学,工科
常州大学,江苏,江苏省教育厅,本科,大学,工科
南京邮电大学,江苏,江苏省教育厅,本科,大学,综合
河海大学 211 研,江苏,教育部,本科,大学,工科
江南大学 211,江苏,教育部,本科,大学,综合
南京林业大学,江苏,江苏省教育厅,本科,大学,林业
江苏大学,江苏,江苏省教育厅,本科,大学,综合
南京信息工程大学,江苏,江苏省教育厅,本科,大学,工科
江苏城市职业学院,江苏,江苏省教育厅,高职(专科),高等专科学校,工科
南通大学,江苏,江苏省教育厅,本科/高职(专科),大学,综合
盐城工学院,江苏,江苏省教育厅,本科,学院,工科
南京农业大学 211 研,江苏,教育部,本科,大学,农业
南京医科大学,江苏,江苏省教育厅,本科,大学,医药
徐州医学院,江苏,江苏省教育厅,本科/高职(专科),学院,医药
南京中医药大学,江苏,江苏省教育厅,本科/高职(专科),大学,医药
中国药科大学 211,江苏,教育部,本科/高职(专科),大学,医药
南京师范大学 211,江苏,江苏省教育厅,本科/高职(专科),大学,师范
江苏师范大学,江苏,江苏省教育厅,本科,大学,师范
淮阴师范学院,江苏,江苏省教育厅,本科,学院,师范
盐城师范学院,江苏,江苏省教育厅,本科,学院,师范
南京财经大学,江苏,江苏省教育厅,本科,大学,财经
江苏警官学院,江苏,江苏省教育厅,本科/高职(专科),学院,政法
南京体育学院,江苏,江苏省教育厅,本科/高职(专科),学院,体育
南京艺术学院,江苏,江苏省教育厅,本科,学院,艺术
苏州科技学院,江苏,江苏省教育厅,本科,学院,工科
常熟理工学院,江苏,江苏省教育厅,本科,学院,综合
民办明达职业技术学院,江苏,江苏省教育厅,高职(专科),高等职业技术学校,语言
无锡职业技术学院,江苏,江苏省教育厅,高职(专科),高等职业技术学校,工科
江苏建筑职业技术学院,江苏,江苏省教育厅,高职(专科),高等职业技术学校,工科
南京工业职业技术学院,江苏,江苏省教育厅,高职(专科),高等职业技术学校,工科
江苏工程职业技术学院,江苏,江苏省教育厅,高职(专科),高等职业技术学校,工科
苏州工艺美术职业技术学院,江苏,江苏省教育厅,高职(专科),高等职业技术学校,艺术
金陵科技学院,江苏,江苏省教育厅,本科,学院,综合
淮阴工学院,江苏,江苏省教育厅,本科,学院,工科
连云港职业技术学院,江苏,江苏省教育厅,高职(专科),高等职业技术学校,工科
镇江市高等专科学校,江苏,江苏省教育厅,高职(专科),高等专科学校,工科
南通职业大学,江苏,江苏省教育厅,高职(专科),短期职业大学,工科
徐州工程学院,江苏,江苏省教育厅,本科/高职(专科),学院,工科
苏州市职业大学,江苏,江苏省教育厅,高职(专科),短期职业大学,工科
常州工学院,江苏,江苏省教育厅,本科,学院,工科
扬州大学,江苏,江苏省教育厅,本科/高职(专科),大学,综合
三江学院,江苏,江苏省教育厅,本科/高职(专科),学院,综合
南京工程学院,江苏,江苏省教育厅,本科,学院,工科
南京审计学院,江苏,江苏省教育厅,本科,学院,财经
沙洲职业工学院,江苏,江苏省教育厅,高职(专科),短期职业大学,工科
南京晓庄学院,江苏,江苏省教育厅,本科,学院,师范
扬州市职业大学,江苏,江苏省教育厅,高职(专科),短期职业大学,工科
江苏理工学院,江苏,江苏省教育厅,本科,学院,工科
南京森林警察学院,江苏,国家林业局,本科/高职(专科),学院,政法
淮海工学院,江苏,江苏省教育厅,本科,学院,工科
连云港师范高等专科学校,江苏,江苏省教育厅,高职(专科),高等专科学校,师范
泰州学院,江苏,江苏省教育厅,高职(专科),高等专科学校,师范
江苏经贸职业技术学院,江苏,江苏省教育厅,高职(专科),高等职业技术学校,财经
南京特殊教育师范学院,江苏,江苏省教育厅,高职(专科),高等职业技术学校,师范
九州职业技术学院,江苏,江苏省教育厅,高职(专科),高等职业技术学校,工科
南通理工学院,江苏,江苏省教育厅,高职(专科),高等职业技术学校,工科
硅湖职业技术学院,江苏,江苏省教育厅,高职(专科),高等职业技术学校,工科
泰州职业技术学院,江苏,江苏省教育厅,高职(专科),高等职业技术学校,工科
常州信息职业技术学院,江苏,江苏省教育厅,高职(专科),高等职业技术学校,工科
江苏海事职业技术学院,江苏,江苏省教育厅,高职(专科),高等职业技术学校,工科
应天职业技术学院,江苏,江苏省教育厅,高职(专科),高等职业技术学校,工科
无锡科技职业学院,江苏,江苏省教育厅,高职(专科),高等职业技术学校,工科
盐城卫生职业技术学院,江苏,江苏省教育厅,高职(专科),高等职业技术学校,医药
南通科技职业学院,江苏,江苏省教育厅,高职(专科),高等职业技术学校,农业
苏州经贸职业技术学院,江苏,江苏省教育厅,高职(专科),高等职业技术学校,财经
苏州工业职业技术学院,江苏,江苏省教育厅,高职(专科),高等职业技术学校,工科
苏州托普信息职业技术学院,江苏,江苏省教育厅,高职(专科),高等职业技术学校,工科
苏州卫生职业技术学院,江苏,江苏省教育厅,高职(专科),高等职业技术学校,医药
东南大学成贤学院,江苏,江苏省教育厅,本科,独立学院,综合
无锡商业职业技术学院,江苏,江苏省教育厅,高职(专科),高等职业技术学校,财经
南通航运职业技术学院,江苏,江苏省教育厅,高职(专科),高等职业技术学校,工科
南京交通职业技术学院,江苏,江苏省教育厅,高职(专科),高等职业技术学校,工科
淮安信息职业技术学院,江苏,江苏省教育厅,高职(专科),高等职业技术学校,工科
江苏农牧科技职业学院,江苏,江苏省教育厅,高职(专科),高等职业技术学校,农业
常州纺织服装职业技术学院,江苏,江苏省教育厅,高职(专科),高等职业技术学校,工科
苏州农业职业技术学院,江苏,江苏省教育厅,高职(专科),高等职业技术学校,农业
苏州工业园区职业技术学院,江苏,江苏省教育厅,高职(专科),高等职业技术学校,工科
太湖创意职业技术学院,江苏,江苏省教育厅,高职(专科),高等职业技术学校,工科
炎黄职业技术学院,江苏,江苏省教育厅,高职(专科),高等职业技术学校,工科
南京科技职业学院,江苏,江苏省教育厅,高职(专科),高等职业技术学校,工科
正德职业技术学院,江苏,江苏省教育厅,高职(专科),高等职业技术学校,工科
钟山职业技术学院,江苏,江苏省教育厅,高职(专科),高等职业技术学校,工科
无锡南洋职业技术学院,江苏,江苏省教育厅,高职(专科),高等职业技术学校,工科
江南影视艺术职业学院,江苏,江苏省教育厅,高职(专科),高等职业技术学校,艺术
金肯职业技术学院,江苏,江苏省教育厅,高职(专科),高等职业技术学校,财经
常州轻工职业技术学院,江苏,江苏省教育厅,高职(专科),高等职业技术学校,工科
常州工程职业技术学院,江苏,江苏省教育厅,高职(专科),高等职业技术学校,工科
江苏农林职业技术学院,江苏,江苏省教育厅,高职(专科),高等职业技术学校,农业
江苏食品药品职业技术学院,江苏,江苏省教育厅,高职(专科),高等职业技术学校,工科
建东职业技术学院,江苏,江苏省教育厅,高职(专科),高等职业技术学校,工科
南京铁道职业技术学院,江苏,江苏省教育厅,高职(专科),高等职业技术学校,工科
徐州工业职业技术学院,江苏,江苏省教育厅,高职(专科),高等职业技术学校,工科
江苏信息职业技术学院,江苏,江苏省教育厅,高职(专科),高等职业技术学校,工科
宿迁职业技术学院,江苏,江苏省教育厅,高职(专科),高等职业技术学校,工科
南京信息职业技术学院,江苏,江苏省教育厅,高职(专科),高等职业技术学校,工科
江海职业技术学院,江苏,江苏省教育厅,高职(专科),高等职业技术学校,工科
常州机电职业技术学院,江苏,江苏省教育厅,高职(专科),高等职业技术学校,工科
江阴职业技术学院,江苏,江苏省教育厅,高职(专科),高等职业技术学校,工科
无锡太湖学院,江苏,江苏省教育厅,本科,学院,综合
中国矿业大学徐海学院,江苏,江苏省教育厅,本科,独立学院,工科
南京大学金陵学院,江苏,江苏省教育厅,本科,独立学院,综合
南京理工大学紫金学院,江苏,江苏省教育厅,本科,独立学院,工科
南京航空航天大学金城学院,江苏,江苏省教育厅,本科,独立学院,工科
中国传媒大学南广学院,江苏,江苏省教育厅,本科,独立学院,艺术
无锡城市职业技术学院,江苏,江苏省教育厅,高职(专科),高等职业技术学校,财经
无锡工艺职业技术学院,江苏,江苏省教育厅,高职(专科),高等职业技术学校,工科
金山职业技术学院,江苏,江苏省教育厅,高职(专科),高等职业技术学校,工科
苏州健雄职业技术学院,江苏,江苏省教育厅,高职(专科),高等职业技术学校,工科
盐城工业职业技术学院,江苏,江苏省教育厅,高职(专科),高等职业技术学校,工科
江苏财经职业技术学院,江苏,江苏省教育厅,高职(专科),高等职业技术学校,财经
扬州工业职业技术学院,江苏,江苏省教育厅,高职(专科),高等职业技术学校,工科
南京理工大学泰州科技学院,江苏,江苏省教育厅,本科,独立学院,工科
南京师范大学泰州学院,江苏,江苏省教育厅,本科,独立学院,师范
南京工业大学浦江学院,江苏,江苏省教育厅,本科,独立学院,综合
南京师范大学中北学院,江苏,江苏省教育厅,本科,独立学院,综合
苏州港大思培科技职业学院,江苏,江苏省教育厅,高职(专科),高等职业技术学校,综合
昆山登云科技职业学院,江苏,江苏省教育厅,高职(专科),高等职业技术学校,工科
南京视觉艺术职业学院,江苏,江苏省教育厅,高职(专科),高等职业技术学校,艺术
南京医科大学康达学院,江苏,江苏省教育厅,本科,独立学院,综合
南京中医药大学翰林学院,江苏,江苏省教育厅,本科,独立学院,综合
南京信息工程大学滨江学院,江苏,江苏省教育厅,本科,独立学院,综合
苏州大学文正学院,江苏,江苏省教育厅,本科,独立学院,综合
苏州大学应用技术学院,江苏,江苏省教育厅,本科,独立学院,综合
苏州科技学院天平学院,江苏,江苏省教育厅,本科,独立学院,综合
江苏大学京江学院,江苏,江苏省教育厅,本科,独立学院,综合
扬州大学广陵学院,江苏,江苏省教育厅,本科,独立学院,综合
江苏师范大学科文学院,江苏,江苏省教育厅,本科,独立学院,综合
南京邮电大学通达学院,江苏,江苏省教育厅,本科,独立学院,综合
南京财经大学红山学院,江苏,江苏省教育厅,本科,独立学院,综合
江苏科技大学苏州理工学院,江苏,江苏省教育厅,本科,独立学院,综合
常州大学怀德学院,江苏,江苏省教育厅,本科,独立学院,综合
南通大学杏林学院,江苏,江苏省教育厅,本科,独立学院,综合
南京审计学院金审学院,江苏,江苏省教育厅,本科,独立学院,综合
南京机电职业技术学院,江苏,江苏省教育厅,高职(专科),高等职业技术学校,工科
宿迁学院,江苏,江苏省教育厅,本科,学院,工科
苏州高博软件技术职业学院,江苏,江苏省教育厅,高职(专科),高等职业技术学校,工科
南京旅游职业学院,江苏,江苏省教育厅,高职(专科),高等职业技术学校,财经
江苏建康职业学院,江苏,江苏省教育厅,高职(专科),高等职业技术学校,医药
苏州信息职业技术学院,江苏,江苏省教育厅,高职(专科),高等职业技术学校,综合
宿迁泽达职业技术学院,江苏,江苏省教育厅,高职(专科),高等职业技术学校,工科
苏州工业园区服务外包职业学院,江苏,江苏省教育厅,高职(专科),高等职业技术学校,工科
徐州幼儿师范高等专科学校,江苏,江苏省教育厅,高职(专科),高等专科学校,师范
徐州生物工程职业技术学院,江苏,江苏省教育厅,高职(专科),学院,工科
南京城市职业学院,江苏,江苏省教育厅,高职(专科),高等专科学校,综合
江苏第二师范学院,江苏,江苏省教育厅,本科/高职(专科),学院,师范
江苏商贸职业学院,江苏,江苏省教育厅,高职(专科),学院,综合
南通师范高等专科学校,江苏,江苏省教育厅,高职(专科),高等专科学校,师范
扬州中瑞酒店职业学院,江苏,浙江省教育厅,高职(专科),高等职业技术学校,财经
江苏财会职业学院,江苏,江苏省教育厅,高职(专科),高等职业技术学校,财经
西交利物浦大学,江苏,江苏省教育厅,本科,大学,工科
中国人民大学(苏州校区) 985 211 研,江苏,教育部,本科,高等学校分校,综合
江苏省青年管理干部学院,江苏,江苏省教育厅,高职(专科),高等专科学校,工科
浙江大学 985 211 研,浙江,教育部,本科,大学,综合
杭州电子科技大学,浙江,浙江省教育厅,本科,大学,工科
浙江工业大学,浙江,浙江省教育厅,本科,大学,工科
浙江理工大学,浙江,浙江省教育厅,本科,大学,工科
浙江海洋学院,浙江,浙江省教育厅,本科/高职(专科),学院,农业
浙江农林大学,浙江,浙江省教育厅,本科,大学,林业
温州医科大学,浙江,浙江省教育厅,本科/高职(专科),学院,医药
浙江中医药大学,浙江,浙江省教育厅,本科,大学,医药
浙江师范大学,浙江,浙江省教育厅,本科/高职(专科),大学,师范
杭州师范大学,浙江,浙江省教育厅,本科,大学,师范
湖州师范学院,浙江,浙江省教育厅,本科/高职(专科),学院,师范
绍兴文理学院,浙江,浙江省教育厅,本科/高职(专科),学院,师范
台州学院,浙江,浙江省教育厅,本科/高职(专科),学院,综合
温州大学,浙江,浙江省教育厅,本科,大学,工科
丽水学院,浙江,浙江省教育厅,本科/高职(专科),学院,师范
浙江工商大学,浙江,浙江省教育厅,本科,大学,财经
嘉兴学院,浙江,浙江省教育厅,本科/高职(专科),学院,财经
中国美术学院,浙江,浙江省教育厅,本科/高职(专科),学院,艺术
中国计量学院,浙江,浙江省教育厅,本科,学院,工科
公安海警学院,浙江,公安部,本科/高职(专科),学院,政法
宁波职业技术学院,浙江,浙江省教育厅,高职(专科),高等职业技术学校,综合
温州职业技术学院,浙江,浙江省教育厅,高职(专科),高等职业技术学校,综合
浙江万里学院,浙江,浙江省教育厅,本科,学院,工科
浙江科技学院,浙江,浙江省教育厅,本科,学院,工科
宁波工程学院,浙江,浙江省教育厅,本科,学院,工科
浙江水利水电学院,浙江,浙江省教育厅,高职(专科),高等专科学校,工科
浙江财经大学,浙江,浙江省教育厅,本科,大学,财经
浙江警察学院,浙江,浙江省教育厅,本科,高等专科学校,政法
衢州学院,浙江,浙江省教育厅,本科/高职(专科),学院,工科
宁波大学,浙江,浙江省教育厅,本科/高职(专科),大学,综合
浙江传媒学院,浙江,浙江省教育厅,本科/高职(专科),学院,语言
浙江树人学院,浙江,浙江省教育厅,本科/高职(专科),学院,工科
浙江医药高等专科学校,浙江,浙江省教育厅,高职(专科),高等专科学校,医药
浙江交通职业技术学院,浙江,浙江省教育厅,高职(专科),高等职业技术学校,工科
金华职业技术学院,浙江,浙江省教育厅,高职(专科),高等职业技术学校,综合
宁波城市职业技术学院,浙江,浙江省教育厅,高职(专科),高等职业技术学校,综合
浙江同济科技职业学院,浙江,浙江省教育厅,高职(专科),高等职业技术学校,工科
浙江工商职业技术学院,浙江,浙江省教育厅,高职(专科),高等职业技术学校,财经
台州职业技术学院,浙江,浙江省教育厅,高职(专科),高等职业技术学校,工科
浙江工贸职业技术学院,浙江,浙江省教育厅,高职(专科),高等职业技术学校,综合
浙江越秀外国语学院,浙江,浙江省教育厅,本科/高职(专科),学院,语言
浙江机电职业技术学院,浙江,浙江省教育厅,高职(专科),高等职业技术学校,工科
浙江建设职业技术学院,浙江,浙江省教育厅,高职(专科),高等职业技术学校,工科
浙江艺术职业学院,浙江,浙江省教育厅,高职(专科),高等职业技术学校,艺术
浙江经贸职业技术学院,浙江,浙江省教育厅,高职(专科),高等职业技术学校,财经
浙江商业职业技术学院,浙江,浙江省教育厅,高职(专科),高等职业技术学校,财经
浙江经济职业技术学院,浙江,浙江省教育厅,高职(专科),高等职业技术学校,财经
浙江旅游职业学院,浙江,浙江省教育厅,高职(专科),高等职业技术学校,财经
浙江育英职业技术学院,浙江,浙江省教育厅,高职(专科),高等职业技术学校,财经
浙江警官职业学院,浙江,浙江省教育厅,高职(专科),高等职业技术学校,政法
浙江金融职业学院,浙江,浙江省教育厅,高职(专科),高等职业技术学校,财经
浙江工业职业技术学院,浙江,浙江省教育厅,高职(专科),高等职业技术学校,综合
杭州职业技术学院,浙江,浙江省教育厅,高职(专科),高等职业技术学校,综合
嘉兴职业技术学院,浙江,浙江省教育厅,高职(专科),高等职业技术学校,综合
湖州职业技术学院,浙江,浙江省教育厅,高职(专科),高等职业技术学校,综合
绍兴职业技术学院,浙江,浙江省教育厅,高职(专科),高等职业技术学校,工科
衢州职业技术学院,浙江,浙江省教育厅,高职(专科),高等职业技术学校,工科
丽水职业技术学院,浙江,浙江省教育厅,高职(专科),高等职业技术学校,综合
宁波大红鹰学院,浙江,浙江省教育厅,本科/高职(专科),学院,工科
浙江东方职业技术学院,浙江,浙江省教育厅,高职(专科),高等职业技术学校,综合
义乌工商职业技术学院,浙江,浙江省教育厅,高职(专科),高等职业技术学校,综合
浙江大学城市学院,浙江,浙江省教育厅,本科,独立学院,工科
浙江大学宁波理工学院,浙江,浙江省教育厅,本科,独立学院,工科
浙江医学高等专科学校,浙江,浙江省教育厅,高职(专科),高等专科学校,医药
浙江纺织服装职业技术学院,浙江,浙江省教育厅,高职(专科),高等职业技术学校,工科
杭州科技职业技术学院,浙江,浙江省教育厅,高职(专科),高等职业技术学校,工科
浙江长征职业技术学院,浙江,浙江省教育厅,高职(专科),高等职业技术学校,综合
嘉兴南洋职业技术学院,浙江,浙江省教育厅,高职(专科),高等职业技术学校,工科
浙江广厦建设职业技术学院,浙江,浙江省教育厅,高职(专科),高等职业技术学校,工科
杭州万向职业技术学院,浙江,浙江省教育厅,高职(专科),高等职业技术学校,综合
浙江工业大学之江学院,浙江,浙江省教育厅,本科,独立学院,工科
浙江师范大学行知学院,浙江,浙江省教育厅,本科,独立学院,综合
宁波大学科学技术学院,浙江,浙江省教育厅,本科,独立学院,综合
杭州电子科技大学信息工程学院,浙江,浙江省教育厅,本科,独立学院,工科
浙江理工大学科技与艺术学院,浙江,浙江省教育厅,本科,独立学院,工科
浙江海洋学院东海科学技术学院,浙江,浙江省教育厅,本科,独立学院,农业
浙江农林大学暨阳学院,浙江,浙江省教育厅,本科,独立学院,林业
温州医科大学仁济学院,浙江,浙江省教育厅,本科,独立学院,医药
浙江中医药大学滨江学院,浙江,浙江省教育厅,本科,独立学院,医药
杭州师范大学钱江学院,浙江,浙江省教育厅,本科,独立学院,师范
湖州师范学院求真学院,浙江,浙江省教育厅,本科,独立学院,师范
绍兴文理学院元培学院,浙江,浙江省教育厅,本科,独立学院,师范
温州大学瓯江学院,浙江,浙江省教育厅,本科,独立学院,师范
浙江工商大学杭州商学院,浙江,浙江省教育厅,本科,独立学院,财经
嘉兴学院南湖学院,浙江,浙江省教育厅,本科,独立学院,财经
中国计量学院现代科技学院,浙江,浙江省教育厅,本科,独立学院,工科
浙江财经大学东方学院,浙江,浙江省教育厅,本科,独立学院,财经
温州大学城市学院,浙江,浙江省教育厅,本科/高职(专科),独立学院,综合
浙江邮电职业技术学院,浙江,浙江省教育厅,高职(专科),高等职业技术学校,工科
宁波卫生职业技术学院,浙江,浙江省教育厅,高职(专科),高等职业技术学校,医药
台州科技职业学院,浙江,浙江省教育厅,高职(专科),高等职业技术学校,综合
浙江国际海运职业技术学院,浙江,浙江省教育厅,高职(专科),高等职业技术学校,综合
浙江体育职业技术学院,浙江,浙江省教育厅,高职(专科),高等职业技术学校,体育
温州科技职业学院,浙江,浙江省教育厅,高职(专科),高等职业技术学校,综合
浙江汽车职业技术学院,浙江,浙江省教育厅,高职(专科),高等职业技术学校,工科
浙江横店影视职业学院,浙江,浙江省教育厅,高职(专科),高等职业技术学校,艺术
同济大学浙江学院,浙江,浙江省教育厅,本科,独立学院,综合
上海财经大学浙江学院,浙江,浙江省教育厅,本科,独立学院,财经
浙江农业商贸职业学院,浙江,浙江省教育厅,高职(专科),高等职业技术学校,财经
浙江外国语学院,浙江,浙江省教育厅,本科/高职(专科),学院,语言
浙江特殊教育职业学院,浙江,浙江省教育厅,高职(专科),学院,师范
宁波诺丁汉大学,浙江,浙江省教育厅,本科,大学,综合
温州肯恩大学,浙江,浙江省教育厅,本科/高职(专科),大学,综合
浙江舟山群岛新区旅游与健康职业学院,浙江,浙江省教育厅,高职(专科),高等职业技术学校,综合
浙江大学医学院,浙江,教育部,本科,大学,医药
宁波教育学院,浙江,浙江省教育厅,高职(专科),成人高等学校,师范
安徽大学 211,安徽,安徽省教育厅,本科/高职(专科),大学,综合
中国科学技术大学 985 211 研,安徽,中国科学院,本科,大学,工科
合肥工业大学 211,安徽,教育部,本科,大学,工科
安徽工业大学,安徽,安徽省教育厅,本科,大学,工科
安徽理工大学,安徽,安徽省教育厅,本科,大学,工科
安徽工程大学,安徽,安徽省教育厅,本科,大学,工科
安徽农业大学,安徽,安徽省教育厅,本科/高职(专科),大学,农业
安徽医科大学,安徽,安徽省教育厅,本科,大学,医药
蚌埠医学院,安徽,安徽省教育厅,本科,学院,医药
皖南医学院,安徽,安徽省教育厅,本科/高职(专科),学院,医药
安徽中医药大学,安徽,安徽省教育厅,本科/高职(专科),学院,医药
安徽师范大学,安徽,安徽省教育厅,本科,大学,师范
阜阳师范学院,安徽,安徽省教育厅,本科,学院,师范
安庆师范学院,安徽,安徽省教育厅,本科,学院,师范
淮北师范大学,安徽,安徽省教育厅,本科,大学,师范
黄山学院,安徽,安徽省教育厅,本科/高职(专科),学院,师范
皖西学院,安徽,安徽省教育厅,本科/高职(专科),学院,师范
滁州学院,安徽,安徽省教育厅,本科/高职(专科),学院,师范
安徽财经大学,安徽,安徽省教育厅,本科,大学,财经
宿州学院,安徽,安徽省教育厅,本科/高职(专科),学院,师范
巢湖学院,安徽,安徽省教育厅,本科,学院,师范
淮南师范学院,安徽,安徽省教育厅,本科/高职(专科),学院,师范
铜陵学院,安徽,安徽省教育厅,本科,学院,财经
安徽职业技术学院,安徽,安徽省教育厅,高职(专科),高等职业技术学校,工科
安徽建筑大学,安徽,安徽省教育厅,本科,大学,工科
安徽科技学院,安徽,安徽省教育厅,本科,学院,师范
安徽三联学院,安徽,安徽省教育厅,本科/高职(专科),学院,工科
淮北职业技术学院,安徽,安徽省教育厅,高职(专科),高等职业技术学校,工科
合肥学院,安徽,安徽省教育厅,本科/高职(专科),学院,工科
芜湖职业技术学院,安徽,安徽省教育厅,高职(专科),高等职业技术学校,工科
蚌埠学院,安徽,安徽省教育厅,本科/高职(专科),高等专科学校,工科
池州学院,安徽,安徽省教育厅,本科/高职(专科),高等专科学校,师范
淮南联合大学,安徽,安徽省教育厅,高职(专科),短期职业大学,工科
安徽医学高等专科学校,安徽,安徽省教育厅,高职(专科),高等专科学校,医药
亳州师范高等专科学校,安徽,安徽省教育厅,高职(专科),高等专科学校,师范
安徽中医药高等专科学校,安徽,安徽省教育厅,高职(专科),高等专科学校,医药
安徽商贸职业技术学院,安徽,安徽省教育厅,高职(专科),高等职业技术学校,财经
安徽水利水电职业技术学院,安徽,安徽省教育厅,高职(专科),高等职业技术学校,工科
阜阳职业技术学院,安徽,安徽省教育厅,高职(专科),高等职业技术学校,工科
安徽新华学院,安徽,安徽省教育厅,本科/高职(专科),学院,工科
铜陵职业技术学院,安徽,安徽省教育厅,高职(专科),高等职业技术学校,工科
民办万博科技职业学院,安徽,安徽省教育厅,高职(专科),高等职业技术学校,工科
安徽警官职业学院,安徽,安徽省教育厅,高职(专科),高等职业技术学校,政法
淮南职业技术学院,安徽,安徽省教育厅,高职(专科),高等职业技术学校,工科
安徽工业经济职业技术学院,安徽,安徽省教育厅,高职(专科),高等职业技术学校,财经
合肥通用职业技术学院,安徽,安徽省教育厅,高职(专科),高等职业技术学校,工科
安徽文达信息工程学院,安徽,安徽省教育厅,本科/高职(专科),学院,工科
安徽工贸职业技术学院,安徽,安徽省教育厅,高职(专科),高等职业技术学校,工科
宿州职业技术学院,安徽,安徽省教育厅,高职(专科),高等职业技术学校,工科
六安职业技术学院,安徽,安徽省教育厅,高职(专科),高等职业技术学校,工科
安徽电子信息职业技术学院,安徽,安徽省教育厅,高职(专科),高等职业技术学校,工科
民办合肥经济技术职业学院,安徽,安徽省教育厅,高职(专科),高等职业技术学校,财经
安徽交通职业技术学院,安徽,安徽省教育厅,高职(专科),高等职业技术学校,工科
安徽体育运动职业技术学院,安徽,安徽省教育厅,高职(专科),高等职业技术学校,体育
合肥职业技术学院,安徽,安徽省教育厅,高职(专科),高等职业技术学校,工科
滁州职业技术学院,安徽,安徽省教育厅,高职(专科),高等职业技术学校,工科
池州职业技术学院,安徽,安徽省教育厅,高职(专科),高等职业技术学校,工科
宣城职业技术学院,安徽,安徽省教育厅,高职(专科),高等职业技术学校,工科
安徽广播影视职业技术学院,安徽,安徽省教育厅,高职(专科),高等职业技术学校,艺术
民办合肥滨湖职业技术学院,安徽,安徽省教育厅,高职(专科),高等职业技术学校,工科
安徽外国语学院,安徽,安徽省教育厅,本科/高职(专科),学院,语言
安徽电气工程职业技术学院,安徽,安徽省教育厅,高职(专科),高等职业技术学校,工科
安徽冶金科技职业学院,安徽,安徽省教育厅,高职(专科),高等职业技术学校,工科
安徽城市管理职业学院,安徽,安徽省教育厅,高职(专科),高等职业技术学校,财经
安徽机电职业技术学院,安徽,安徽省教育厅,高职(专科),高等职业技术学校,工科
安徽工商职业学院,安徽,安徽省教育厅,高职(专科),高等职业技术学校,财经
安徽中澳科技职业学院,安徽,安徽省教育厅,高职(专科),高等职业技术学校,工科
阜阳科技职业学院,安徽,安徽省教育厅,高职(专科),高等职业技术学校,工科
亳州职业技术学院,安徽,安徽省教育厅,高职(专科),高等职业技术学校,工科
安徽国防科技职业学院,安徽,安徽省教育厅,高职(专科),高等职业技术学校,工科
安庆职业技术学院,安徽,安徽省教育厅,高职(专科),高等职业技术学校,工科
安徽艺术职业学院,安徽,安徽省教育厅,高职(专科),高等职业技术学校,艺术
安徽财经大学商学院,安徽,安徽省教育厅,本科,独立学院,财经
安徽大学江淮学院,安徽,安徽省教育厅,本科,独立学院,综合
安徽工程大学机电学院,安徽,安徽省教育厅,本科,独立学院,工科
安徽工业大学工商学院,安徽,安徽省教育厅,本科,独立学院,工科
安徽建筑大学城市建设学院,安徽,安徽省教育厅,本科,独立学院,工科
安徽农业大学经济技术学院,安徽,安徽省教育厅,本科,独立学院,综合
安徽师范大学皖江学院,安徽,安徽省教育厅,本科,独立学院,师范
安徽医科大学临床医学院,安徽,安徽省教育厅,本科,独立学院,医药
阜阳师范学院信息工程学院,安徽,安徽省教育厅,本科,独立学院,综合
淮北师范大学信息学院,安徽,安徽省教育厅,本科,独立学院,师范
马鞍山师范高等专科学校,安徽,安徽省教育厅,高职(专科),高等专科学校,师范
安徽财贸职业学院,安徽,安徽省教育厅,高职(专科),高等职业技术学校,财经
安徽国际商务职业学院,安徽,安徽省教育厅,高职(专科),高等职业技术学校,财经
安徽林业职业技术学院,安徽,安徽省教育厅,高职(专科),高等职业技术学校,林业
安徽审计职业学院,安徽,安徽省教育厅,高职(专科),高等职业技术学校,财经
安徽新闻出版职业技术学院,安徽,安徽省教育厅,高职(专科),高等职业技术学校,工科
安徽邮电职业技术学院,安徽,安徽省教育厅,高职(专科),高等职业技术学校,工科
安徽工业职业技术学院,安徽,安徽省教育厅,高职(专科),高等职业技术学校,工科
民办合肥财经职业学院,安徽,安徽省教育厅,高职(专科),高等职业技术学校,财经
安庆医药高等专科学校,安徽,安徽省教育厅,高职(专科),高等专科学校,医药
合肥师范学院,安徽,安徽省教育厅,本科/高职(专科),学院,师范
安徽涉外经济职业学院,安徽,安徽省教育厅,高职(专科),高等职业技术学校,财经
安徽绿海商务职业学院,安徽,安徽省教育厅,高职(专科),高等职业技术学校,综合
合肥共达职业技术学院,安徽,安徽省教育厅,高职(专科),高等职业技术学校,工科
蚌埠经济技术职业学院,安徽,安徽省教育厅,高职(专科),高等职业技术学校,财经
民办安徽旅游职业学院,安徽,安徽省教育厅,高职(专科),高等职业技术学校,财经
徽商职业学院,安徽,安徽省教育厅,高职(专科),高等职业技术学校,工科
马鞍山职业技术学院,安徽,安徽省教育厅,高职(专科),高等职业技术学校,工科
河海大学文天学院,安徽,安徽省教育厅,本科,独立学院,综合
安徽现代信息工程职业学院,安徽,安徽省教育厅,高职(专科),高等职业技术学校,工科
安徽矿业职业技术学院,安徽,安徽省教育厅,高职(专科),高等职业技术学校,综合
合肥信息技术职业学院,安徽,安徽省教育厅,高职(专科),高等职业技术学校,综合
桐城师范高等专科学校,安徽,安徽省教育厅,高职(专科),高等专科学校,师范
黄山职业技术学院,安徽,安徽省教育厅,高职(专科),高等职业技术学校,综合
安徽汽车职业技术学院,安徽,安徽省教育厅,高职(专科),高等职业技术学校,工科
皖西卫生职业学院,安徽,安徽省教育厅,高职(专科),高等职业技术学校,医药
合肥幼儿师范高等专科学校,安徽,安徽省教育厅,高职(专科),高等专科学校,师范
安徽扬子职业技术学院,安徽,安徽省教育厅,高职(专科),高等专科学校,工科
安徽黄梅戏艺术职业学院,安徽,安徽省教育厅,高职(专科),高等职业技术学校,艺术
安徽粮食工程职业学院,安徽,安徽省教育厅,高职(专科),高等职业技术学校,工科
安徽人口职业学院,安徽,安徽省教育厅,高职(专科),高等职业技术学校,综合
合肥科技职业学院,安徽,安徽省教育厅,高职(专科),高等职业技术学校,工科
皖北卫生职业学院,安徽,安徽省教育厅,高职(专科),学院,医药
合肥工业大学(宣城校区) 211,安徽,教育部,本科,大学,工科
安徽经济管理干部学院,安徽,安徽省教育厅,高职(专科),成人高等学校,财经
厦门大学 985 211 研,福建,教育部,本科,大学,综合
华侨大学,福建,国务院侨务办公室,本科/高职(专科),大学,综合
福州大学 211,福建,福建省教育厅,本科/高职(专科),大学,工科
福建工程学院,福建,福建省教育厅,本科/高职(专科),学院,工科
福建农林大学,福建,福建省教育厅,本科/高职(专科),大学,农业
集美大学,福建,福建省教育厅,本科/高职(专科),大学,综合
福建医科大学,福建,福建省教育厅,本科,大学,医药
福建中医药大学,福建,福建省教育厅,本科,大学,医药
福建师范大学,福建,福建省教育厅,本科/高职(专科),大学,师范
闽江学院,福建,福建省教育厅,本科/高职(专科),学院,工科
武夷学院,福建,福建省教育厅,本科/高职(专科),学院,综合
宁德师范学院,福建,福建省教育厅,本科/高职(专科),学院,师范
泉州师范学院,福建,福建省教育厅,本科/高职(专科),学院,师范
闽南师范大学,福建,福建省教育厅,本科,大学,师范
福建船政交通职业学院,福建,福建省教育厅,高职(专科),高等职业技术学校,工科
厦门理工学院,福建,福建省教育厅,本科/高职(专科),学院,工科
三明学院,福建,福建省教育厅,本科/高职(专科),学院,综合
龙岩学院,福建,福建省教育厅,本科/高职(专科),学院,综合
福建商业高等专科学校,福建,福建省教育厅,高职(专科),高等专科学校,财经
漳州职业技术学院,福建,福建省教育厅,高职(专科),高等职业技术学校,工科
闽西职业技术学院,福建,福建省教育厅,高职(专科),高等职业技术学校,工科
黎明职业大学,福建,福建省教育厅,高职(专科),短期职业大学,综合
福建警察学院,福建,福建省教育厅,本科/高职(专科),高等专科学校,政法
莆田学院,福建,福建省教育厅,本科/高职(专科),学院,综合
福建华南女子职业学院,福建,福建省教育厅,高职(专科),高等职业技术学校,综合
福州职业技术学院,福建,福建省教育厅,高职(专科),高等职业技术学校,综合
仰恩大学,福建,福建省教育厅,本科,大学,综合
福建林业职业技术学院,福建,福建省教育厅,高职(专科),高等职业技术学校,林业
福建信息职业技术学院,福建,福建省教育厅,高职(专科),高等职业技术学校,工科
福建水利电力职业技术学院,福建,福建省教育厅,高职(专科),高等职业技术学校,工科
福建电力职业技术学院,福建,福建省教育厅,高职(专科),高等职业技术学校,工科
厦门海洋职业技术学院,福建,福建省教育厅,高职(专科),高等职业技术学校,农业
福建农业职业技术学院,福建,福建省教育厅,高职(专科),高等职业技术学校,农业
厦门医学高等专科学校,福建,福建省教育厅,高职(专科),高等专科学校,医药
福建卫生职业技术学院,福建,福建省教育厅,高职(专科),高等职业技术学校,医药
泉州医学高等专科学校,福建,福建省教育厅,高职(专科),高等专科学校,医药
福州英华职业学院,福建,福建省教育厅,高职(专科),高等职业技术学校,语言
厦门华厦学院,福建,福建省教育厅,高职(专科),高等职业技术学校,综合
闽南理工学院,福建,福建省教育厅,本科/高职(专科),学院,工科
泉州纺织服装职业学院,福建,福建省教育厅,高职(专科),高等职业技术学校,综合
泉州华光职业学院,福建,福建省教育厅,高职(专科),学院,综合
泉州理工职业学院,福建,福建省教育厅,高职(专科),高等职业技术学校,综合
福建师范大学闽南科技学院,福建,福建省教育厅,本科,独立学院,工科
福建农林大学东方学院,福建,福建省教育厅,本科,独立学院,工科
厦门工学院,福建,福建省教育厅,本科,独立学院,工科
阳光学院,福建,福建省教育厅,本科,独立学院,工科
厦门大学嘉庚学院,福建,福建省教育厅,本科,独立学院,综合
福州大学至诚学院,福建,福建省教育厅,本科,独立学院,综合
集美大学诚毅学院,福建,福建省教育厅,本科,独立学院,综合
福建师范大学协和学院,福建,福建省教育厅,本科,独立学院,综合
福州外语外贸学院,福建,福建省教育厅,本科/高职(专科),学院,财经
福建江夏学院,福建,福建省教育厅,本科/高职(专科),学院,财经
闽北职业技术学院,福建,福建省教育厅,高职(专科),高等职业技术学校,综合
福州黎明职业技术学院,福建,福建省教育厅,高职(专科),高等职业技术学校,工科
泉州信息工程学院,福建,福建省教育厅,高职(专科),高等职业技术学校,工科
厦门演艺职业学院,福建,福建省教育厅,高职(专科),高等职业技术学校,艺术
厦门华天涉外职业技术学院,福建,福建省教育厅,高职(专科),高等职业技术学校,综合
泉州经贸职业技术学院,福建,福建省教育厅,高职(专科),高等职业技术学校,财经
福建对外经济贸易职业技术学院,福建,福建省教育厅,高职(专科),高等职业技术学校,财经
湄洲湾职业技术学院,福建,福建省教育厅,高职(专科),高等职业技术学校,综合
福州理工学院,福建,福建省教育厅,高职(专科),高等职业技术学校,财经
福建生物工程职业技术学院,福建,福建省教育厅,高职(专科),高等职业技术学校,工科
福建艺术职业学院,福建,福建省教育厅,高职(专科),高等职业技术学校,艺术
福建幼儿师范高等专科学校,福建,福建省教育厅,高职(专科),高等职业技术学校,师范
厦门城市职业学院,福建,福建省教育厅,高职(专科),高等职业技术学校,综合
泉州工艺美术职业学院,福建,福建省教育厅,高职(专科),学院,艺术
三明职业技术学院,福建,福建省教育厅,高职(专科),高等职业技术学校,综合
宁德职业技术学院,福建,福建省教育厅,高职(专科),高等职业技术学校,综合
福州软件职业技术学院,福建,福建省教育厅,高职(专科),高等职业技术学校,工科
厦门兴才职业技术学院,福建,福建省教育厅,高职(专科),高等职业技术学校,综合
福建农林大学金山学院,福建,福建省教育厅,本科,独立学院,农业
厦门软件职业技术学院,福建,福建省教育厅,高职(专科),高等职业技术学校,工科
福建体育职业技术学院,福建,福建省教育厅,高职(专科),高等职业技术学校,体育
漳州城市职业学院,福建,福建省教育厅,高职(专科),高等职业技术学校,师范
厦门南洋职业学院,福建,福建省教育厅,高职(专科),高等职业技术学校,综合
厦门东海职业技术学院,福建,福建省教育厅,高职(专科),高等职业技术学校,工科
漳州科技职业学院,福建,福建省教育厅,高职(专科),高等职业技术学校,工科
漳州理工职业学院,福建,福建省教育厅,高职(专科),学院,工科
武夷山职业学院,福建,福建省教育厅,高职(专科),高等职业技术学校,综合
漳州卫生职业学院,福建,福建省教育厅,高职(专科),高等职业技术学校,医药
泉州海洋职业学院,福建,福建省教育厅,高职(专科),学院,工科
泉州轻工职业学院,福建,福建省教育厅,高职(专科),高等职业技术学校,综合
厦门安防科技职业学院,福建,福建省教育厅,高职(专科),高等职业技术学校,综合
泉州幼儿师范高等专科学校,福建,福建省教育厅,高职(专科),高等专科学校,师范
闽江师范高等专科学校,福建,福建省教育厅,高职(专科),成人高等学校,师范
泉州工程职业技术学院,福建,福建省教育厅,高职(专科),学院,工科
福建教育学院,福建,福建省教育厅,高职(专科),成人高等学校,师范
南昌大学 211,江西,江西省教育厅,本科/高职(专科),大学,综合
华东交通大学,江西,江西省教育厅,本科/高职(专科),大学,工科
东华理工大学,江西,江西省教育厅,本科/高职(专科),大学,工科
南昌航空大学,江西,江西省教育厅,本科/高职(专科),大学,工科
江西理工大学,江西,江西省教育厅,本科/高职(专科),大学,工科
景德镇陶瓷学院,江西,江西省教育厅,本科/高职(专科),学院,工科
江西农业大学,江西,江西省教育厅,本科/高职(专科),大学,农业
江西中医药大学,江西,江西省教育厅,本科/高职(专科),大学,医药
赣南医学院,江西,江西省教育厅,本科/高职(专科),学院,医药
江西师范大学,江西,江西省教育厅,本科/高职(专科),大学,师范
上饶师范学院,江西,江西省教育厅,本科/高职(专科),学院,师范
宜春学院,江西,江西省教育厅,本科/高职(专科),学院,综合
赣南师范学院,江西,江西省教育厅,本科/高职(专科),学院,师范
井冈山大学,江西,江西省教育厅,本科/高职(专科),学院,综合
江西财经大学,江西,江西省教育厅,本科/高职(专科),大学,财经
江西工业职业技术学院,江西,江西省教育厅,高职(专科),高等职业技术学校,综合
江西科技学院,江西,江西省教育厅,本科/高职(专科),学院,综合
江西医学高等专科学校,江西,江西省教育厅,高职(专科),高等专科学校,医药
景德镇学院,江西,江西省教育厅,高职(专科),高等专科学校,综合
萍乡学院,江西,江西省教育厅,高职(专科),高等专科学校,综合
江西科技师范大学,江西,江西省教育厅,本科,大学,师范
南昌工程学院,江西,江西省教育厅,本科/高职(专科),学院,工科
江西警察学院,江西,江西省教育厅,本科/高职(专科),学院,政法
九江职业大学,江西,江西省教育厅,高职(专科),短期职业大学,综合
新余学院,江西,江西省教育厅,本科/高职(专科),学院,综合
九江职业技术学院,江西,江西省教育厅,高职(专科),高等职业技术学校,综合
九江学院,江西,江西省教育厅,本科/高职(专科),学院,综合
江西工程学院,江西,江西省教育厅,高职(专科),高等职业技术学校,工科
南昌理工学院,江西,江西省教育厅,本科/高职(专科),学院,综合
江西司法警官职业学院,江西,江西省教育厅,高职(专科),高等职业技术学校,政法
江西陶瓷工艺美术职业技术学院,江西,江西省教育厅,高职(专科),高等职业技术学校,艺术
江西旅游商贸职业学院,江西,江西省教育厅,高职(专科),高等职业技术学校,财经
江西电力职业技术学院,江西,江西省教育厅,高职(专科),高等职业技术学校,工科
江西环境工程职业学院,江西,江西省教育厅,高职(专科),高等职业技术学校,林业
江西艺术职业学院,江西,江西省教育厅,高职(专科),高等职业技术学校,艺术
鹰潭职业技术学院,江西,江西省教育厅,高职(专科),高等职业技术学校,综合
江西应用科技学院,江西,江西省教育厅,高职(专科),高等职业技术学校,综合
江西信息应用职业技术学院,江西,江西省教育厅,高职(专科),高等职业技术学校,工科
江西交通职业技术学院,江西,江西省教育厅,高职(专科),高等职业技术学校,工科
江西财经职业学院,江西,江西省教育厅,高职(专科),高等职业技术学校,财经
江西应用技术职业学院,江西,江西省教育厅,高职(专科),高等职业技术学校,工科
江西现代职业技术学院,江西,江西省教育厅,高职(专科),高等职业技术学校,工科
江西工业工程职业技术学院,江西,江西省教育厅,高职(专科),高等职业技术学校,工科
江西机电职业技术学院,江西,江西省教育厅,高职(专科),高等职业技术学校,工科
江西服装学院,江西,江西省教育厅,本科/高职(专科),学院,艺术
江西科技职业学院,江西,江西省教育厅,高职(专科),高等职业技术学校,综合
南昌职业学院,江西,江西省教育厅,高职(专科),高等职业技术学校,综合
南昌工学院,江西,江西省教育厅,本科/高职(专科),学院,民族
江西外语外贸职业学院,江西,江西省教育厅,高职(专科),高等职业技术学校,财经
江西工业贸易职业技术学院,江西,江西省教育厅,高职(专科),高等职业技术学校,综合
宜春职业技术学院,江西,江西省教育厅,高职(专科),高等职业技术学校,综合
江西应用工程职业学院,江西,江西省教育厅,高职(专科),高等职业技术学校,工科
江西生物科技职业学院,江西,江西省教育厅,高职(专科),高等职业技术学校,农业
江西建设职业技术学院,江西,江西省教育厅,高职(专科),高等职业技术学校,工科
抚州职业技术学院,江西,江西省教育厅,高职(专科),高等职业技术学校,工科
南昌大学科学技术学院,江西,江西省教育厅,本科,独立学院,综合
南昌大学共青学院,江西,江西省教育厅,本科,独立学院,综合
华东交通大学理工学院,江西,江西省教育厅,本科,独立学院,工科
东华理工大学长江学院,江西,江西省教育厅,本科,独立学院,工科
南昌航空大学科技学院,江西,江西省教育厅,本科,独立学院,工科
江西理工大学应用科学学院,江西,江西省教育厅,本科,独立学院,工科
景德镇陶瓷学院科技艺术学院,江西,江西省教育厅,本科,独立学院,工科
江西农业大学南昌商学院,江西,江西省教育厅,本科,独立学院,综合
江西中医药大学科技学院,江西,江西省教育厅,本科,独立学院,医药
江西师范大学科学技术学院,江西,江西省教育厅,本科,独立学院,综合
赣南师范学院科技学院,江西,江西省教育厅,本科,独立学院,师范
江西科技师范大学理工学院,江西,江西省教育厅,本科,独立学院,工科
江西财经大学现代经济管理学院,江西,江西省教育厅,本科,独立学院,财经
南昌师范高等专科学校,江西,江西省教育厅,高职(专科),高等专科学校,师范
江西中医药高等专科学校,江西,江西省教育厅,高职(专科),高等专科学校,医药
江西先锋软件职业技术学院,江西,江西省教育厅,高职(专科),高等职业技术学校,工科
江西制造职业技术学院,江西,江西省教育厅,高职(专科),高等职业技术学校,工科
江西工程职业学院,江西,江西省教育厅,高职(专科),高等职业技术学校,综合
江西青年职业学院,江西,江西省教育厅,高职(专科),高等职业技术学校,综合
上饶职业技术学院,江西,江西省教育厅,高职(专科),高等职业技术学校,工科
江西航空职业技术学院,江西,江西省教育厅,高职(专科),高等职业技术学校,工科
江西农业工程职业学院,江西,江西省教育厅,高职(专科),高等职业技术学校,农业
赣西科技职业学院,江西,江西省教育厅,高职(专科),高等职业技术学校,综合
江西卫生职业学院,江西,江西省教育厅,高职(专科),高等职业技术学校,医药
江西新能源科技职业学院,江西,江西省教育厅,高职(专科),高等职业技术学校,工科
江西枫林涉外经贸职业学院,江西,江西省教育厅,高职(专科),高等职业技术学校,财经
江西泰豪动漫职业学院,江西,江西省教育厅,高职(专科),高等职业技术学校,艺术
江西冶金职业技术学院,江西,江西省教育厅,高职(专科),高等职业技术学校,工科
江西传媒职业学院,江西,江西省教育厅,高职(专科),高等职业技术学校,工科
江西工商职业技术学院,江西,江西省教育厅,高职(专科),高等职业技术学校,工科
景德镇陶瓷职业技术学院,江西,江西省教育厅,高职(专科),高等职业技术学校,工科
共青科技职业学院,江西,江西省教育厅,高职(专科),高等职业技术学校,工科
南昌师范学院,江西,江西省教育厅,高职(专科),成人高等学校,师范
赣州师范高等专科学校,江西,江西省教育厅,高职(专科),成人高等学校,师范
江西水利职业学院,江西,江西省教育厅,高职(专科),高等职业技术学校,工科
宜春幼儿师范高等专科学校,江西,江西省教育厅,高职(专科),高等专科学校,师范
江西洪州职业学院,江西,江西省教育厅,高职(专科),高等职业技术学校,综合
江西师范高等专科学校,江西,江西省教育厅,高职(专科),高等专科学校,师范
南昌影视传播职业学院,江西,江西省教育厅,高职(专科),高等职业技术学校,综合
南昌教育学院,江西,江西省教育厅,高职(专科),成人高等学校,师范
江西经济管理干部学院,江西,江西省教育厅,高职(专科),学院,综合
山东大学 985 211 研,山东,教育部,本科,大学,综合
中国海洋大学 985 211,山东,教育部,本科,大学,综合
山东科技大学,山东,山东省教育厅,本科/高职(专科),大学,综合
中国石油大学(华东) 211 研,山东,教育部,本科,大学,工科
青岛科技大学,山东,山东省教育厅,本科/高职(专科),大学,工科
济南大学,山东,山东省教育厅,本科/高职(专科),大学,综合
青岛理工大学,山东,山东省教育厅,本科/高职(专科),大学,工科
山东建筑大学,山东,山东省教育厅,本科/高职(专科),大学,工科
齐鲁工业大学,山东,山东省教育厅,本科,大学,工科
山东理工大学,山东,山东省教育厅,本科/高职(专科),大学,工科
山东农业大学,山东,山东省教育厅,本科/高职(专科),大学,农业
青岛农业大学,山东,山东省教育厅,本科/高职(专科),大学,农业
潍坊医学院,山东,山东省教育厅,本科/高职(专科),学院,医药
泰山医学院,山东,山东省教育厅,本科/高职(专科),学院,医药
滨州医学院,山东,山东省教育厅,本科/高职(专科),学院,医药
山东中医药大学,山东,山东省教育厅,本科/高职(专科),大学,医药
山东医学高等专科学校,山东,山东省教育厅,高职(专科),高等专科学校,医药
济宁医学院,山东,山东省教育厅,本科/高职(专科),学院,医药
菏泽医学专科学校,山东,山东省教育厅,高职(专科),高等专科学校,医药
山东师范大学,山东,山东省教育厅,本科/高职(专科),大学,师范
曲阜师范大学,山东,山东省教育厅,本科/高职(专科),大学,师范
聊城大学,山东,山东省教育厅,本科/高职(专科),大学,综合
德州学院,山东,山东省教育厅,本科/高职(专科),学院,综合
滨州学院,山东,山东省教育厅,本科/高职(专科),学院,师范
鲁东大学,山东,山东省教育厅,本科/高职(专科),大学,综合
临沂大学,山东,山东省教育厅,本科/高职(专科),学院,综合
泰山学院,山东,山东省教育厅,本科/高职(专科),学院,综合
济宁学院,山东,山东省教育厅,本科/高职(专科),学院,师范
菏泽学院,山东,山东省教育厅,本科/高职(专科),学院,综合
山东财经大学,山东,山东省教育厅,本科,大学,财经
山东体育学院,山东,山东省教育厅,本科,学院,体育
山东艺术学院,山东,山东省教育厅,本科/高职(专科),学院,艺术
齐鲁医药学院,山东,山东省教育厅,本科/高职(专科),学院,医药
山东商业职业技术学院,山东,山东省教育厅,高职(专科),高等职业技术学校,财经
青岛滨海学院,山东,山东省教育厅,本科/高职(专科),学院,综合
枣庄学院,山东,山东省教育厅,本科/高职(专科),学院,综合
山东工艺美术学院,山东,山东省教育厅,本科/高职(专科),学院,艺术
青岛大学,山东,山东省教育厅,本科/高职(专科),大学,综合
烟台大学,山东,山东省教育厅,本科/高职(专科),大学,综合
潍坊学院,山东,山东省教育厅,本科/高职(专科),学院,综合
山东警察学院,山东,山东省教育厅,本科/高职(专科),学院,政法
山东交通学院,山东,山东省教育厅,本科/高职(专科),学院,工科
山东工商学院,山东,山东省教育厅,本科/高职(专科),学院,工科
山东电力高等专科学校,山东,山东省教育厅,高职(专科),高等专科学校,工科
日照职业技术学院,山东,山东省教育厅,高职(专科),高等职业技术学校,综合
曲阜远东职业技术学院,山东,山东省教育厅,高职(专科),高等职业技术学校,综合
青岛职业技术学院,山东,山东省教育厅,高职(专科),高等职业技术学校,综合
威海职业学院,山东,山东省教育厅,高职(专科),高等职业技术学校,综合
山东职业学院,山东,山东省教育厅,高职(专科),高等职业技术学校,工科
山东劳动职业技术学院,山东,山东省教育厅,高职(专科),高等职业技术学校,工科
莱芜职业技术学院,山东,山东省教育厅,高职(专科),高等职业技术学校,综合
山东女子学院,山东,山东省教育厅,本科/高职(专科),学院,综合
烟台南山学院,山东,山东省教育厅,本科/高职(专科),学院,工科
济宁职业技术学院,山东,山东省教育厅,高职(专科),高等职业技术学校,综合
潍坊职业学院,山东,山东省教育厅,高职(专科),高等职业技术学校,综合
烟台职业学院,山东,山东省教育厅,高职(专科),高等职业技术学校,综合
东营职业学院,山东,山东省教育厅,高职(专科),高等职业技术学校,综合
聊城职业技术学院,山东,山东省教育厅,高职(专科),高等职业技术学校,综合
滨州职业学院,山东,山东省教育厅,高职(专科),高等职业技术学校,综合
山东科技职业学院,山东,山东省教育厅,高职(专科),高等职业技术学校,工科
山东服装职业学院,山东,山东省教育厅,高职(专科),高等职业技术学校,综合
德州科技职业学院,山东,山东省教育厅,高职(专科),高等职业技术学校,综合
潍坊科技学院,山东,山东省教育厅,本科/高职(专科),学院,综合
山东力明科技职业学院,山东,山东省教育厅,高职(专科),高等职业技术学校,综合
山东圣翰财贸职业学院,山东,山东省教育厅,高职(专科),高等职业技术学校,综合
山东水利职业学院,山东,山东省教育厅,高职(专科),高等职业技术学校,工科
山东畜牧兽医职业学院,山东,山东省教育厅,高职(专科),高等职业技术学校,农业
山东英才学院,山东,山东省教育厅,本科/高职(专科),学院,综合
东营科技职业学院,山东,山东省教育厅,高职(专科),高等职业技术学校,综合
山东交通职业学院,山东,山东省教育厅,高职(专科),高等职业技术学校,工科
淄博职业学院,山东,山东省教育厅,高职(专科),高等职业技术学校,综合
山东外贸职业学院,山东,山东省教育厅,高职(专科),高等职业技术学校,财经
青岛酒店管理职业技术学院,山东,山东省教育厅,高职(专科),高等职业技术学校,财经
山东信息职业技术学院,山东,山东省教育厅,高职(专科),高等职业技术学校,工科
青岛港湾职业技术学院,山东,山东省教育厅,高职(专科),高等职业技术学校,工科
青岛恒星科技学院,山东,山东省教育厅,本科/高职(专科),学院,综合
山东经贸职业学院,山东,山东省教育厅,高职(专科),高等职业技术学校,综合
山东工业职业学院,山东,山东省教育厅,高职(专科),高等职业技术学校,工科
青岛黄海学院,山东,山东省教育厅,本科/高职(专科),学院,综合
青岛求实职业技术学院,山东,山东省教育厅,高职(专科),高等职业技术学校,综合
山东现代学院,山东,山东省教育厅,高职(专科),高等职业技术学校,综合
济南职业学院,山东,山东省教育厅,高职(专科),高等职业技术学校,综合
山东协和学院,山东,山东省教育厅,本科/高职(专科),学院,医药
烟台工程职业技术学院,山东,山东省教育厅,高职(专科),高等职业技术学校,工科
山东凯文科技职业学院,山东,山东省教育厅,高职(专科),高等职业技术学校,工科
烟台大学文经学院,山东,山东省教育厅,本科/高职(专科),独立学院,综合
青岛理工大学琴岛学院,山东,山东省教育厅,本科/高职(专科),独立学院,工科
山东财经大学燕山学院,山东,山东省教育厅,本科,独立学院,综合
中国石油大学胜利学院,山东,山东省教育厅,本科/高职(专科),独立学院,工科
山东外国语职业学院,山东,山东省教育厅,高职(专科),高等职业技术学校,语言
潍坊工商职业学院,山东,山东省教育厅,高职(专科),高等职业技术学校,财经
德州职业技术学院,山东,山东省教育厅,高职(专科),高等职业技术学校,工科
枣庄科技职业学院,山东,山东省教育厅,高职(专科),高等职业技术学校,工科
山东科技大学泰山科技学院,山东,山东省教育厅,本科/高职(专科),独立学院,综合
淄博师范高等专科学校,山东,山东省教育厅,高职(专科),高等专科学校,师范
山东中医药高等专科学校,山东,山东省教育厅,高职(专科),高等专科学校,医药
济南工程职业技术学院,山东,山东省教育厅,高职(专科),高等职业技术学校,工科
山东电子职业技术学院,山东,山东省教育厅,高职(专科),高等职业技术学校,工科
山东华宇工学院,山东,山东省教育厅,本科/高职(专科),学院,工科
山东旅游职业学院,山东,山东省教育厅,高职(专科),高等职业技术学校,综合
山东铝业职业学院,山东,山东省教育厅,高职(专科),高等职业技术学校,工科
泰山职业技术学院,山东,山东省教育厅,高职(专科),高等职业技术学校,综合
山东外事翻译职业学院,山东,山东省教育厅,高职(专科),高等职业技术学校,综合
山东药品食品职业学院,山东,山东省教育厅,高职(专科),高等职业技术学校,医药
青岛工学院,山东,山东省教育厅,本科,学院,综合
青岛农业大学海都学院,山东,山东省教育厅,本科/高职(专科),独立学院,综合
齐鲁理工学院,山东,山东省教育厅,本科/高职(专科),学院,综合
山东财经大学东方学院,山东,山东省教育厅,本科/高职(专科),独立学院,综合
山东师范大学历山学院,山东,山东省教育厅,本科/高职(专科),独立学院,综合
聊城大学东昌学院,山东,山东省教育厅,本科/高职(专科),独立学院,综合
济南大学泉城学院,山东,山东省教育厅,本科,独立学院,综合
山东商务职业学院,山东,山东省教育厅,高职(专科),高等职业技术学校,综合
山东轻工职业学院,山东,山东省教育厅,高职(专科),高等职业技术学校,工科
山东城市建设职业学院,山东,山东省教育厅,高职(专科),高等职业技术学校,综合
烟台汽车工程职业学院,山东,山东省教育厅,高职(专科),高等职业技术学校,工科
山东司法警官职业学院,山东,山东省教育厅,高职(专科),高等职业技术学校,政法
山东政法学院,山东,山东省教育厅,本科/高职(专科),学院,政法
菏泽家政职业学院,山东,山东省教育厅,高职(专科),高等职业技术学校,综合
山东传媒职业学院,山东,山东省教育厅,高职(专科),高等职业技术学校,艺术
临沂职业学院,山东,山东省教育厅,高职(专科),高等职业技术学校,工科
枣庄职业学院,山东,山东省教育厅,高职(专科),高等职业技术学校,工科
山东理工职业学院,山东,山东省教育厅,高职(专科),高等职业技术学校,综合
齐鲁师范学院,山东,山东省教育厅,本科/高职(专科),学院,师范
山东青年政治学院,山东,山东省教育厅,本科/高职(专科),学院,综合
青岛远洋船员职业学院,山东,山东省教育厅,高职(专科),成人高等学校,工科
北京电影学院现代创意媒体学院,山东,山东省教育厅,本科,学院,艺术
济南幼儿师范高等专科学校,山东,山东省教育厅,高职(专科),高等专科学校,师范
济南护理职业学院,山东,山东省教育厅,高职(专科),高等职业技术学校,医药
泰山护理职业学院,山东,山东省教育厅,高职(专科),高等专科学校,医药
山东海事职业学院,山东,山东省教育厅,高职(专科),高等专科学校,工科
潍坊护理职业学院,山东,山东省教育厅,高职(专科),高等专科学校,医药
潍坊工程职业学院,山东,山东省教育厅,高职(专科),高等专科学校,工科
山东管理学院,山东,山东省教育厅,本科/高职(专科),学院,综合
山东农业工程学院,山东,山东省教育厅,高职(专科),成人高等学校,农业
菏泽职业学院,山东,山东省教育厅,高职(专科),学院,综合
山东艺术设计职业学院,山东,山东省教育厅,高职(专科),学院,艺术
威海海洋职业学院,山东,山东省教育厅,高职(专科),学院,农业
山东特殊教育职业学院,山东,山东省教育厅,高职(专科),高等职业技术学校,综合
北京交通大学(威海校区) 211 研,山东,教育部,本科,大学,工科
哈尔滨工业大学(威海) 985 211 研,山东,工业和信息化部,本科,高等学校分校,工科
山东大学威海分校 985 211 研,山东,教育部,本科,高等学校分校,综合
聊城教育学院,山东,山东省教育厅,高职(专科),成人高等学校,师范
华北水利水电大学,河南,河南省教育厅,本科/高职(专科),学院,工科
郑州大学 211,河南,河南省教育厅,本科/高职(专科),大学,综合
河南理工大学,河南,河南省教育厅,本科/高职(专科),大学,工科
郑州轻工业学院,河南,河南省教育厅,本科/高职(专科),学院,工科
河南工业大学,河南,河南省教育厅,本科/高职(专科),大学,工科
河南科技大学,河南,河南省教育厅,本科/高职(专科),大学,工科
中原工学院,河南,河南省教育厅,本科/高职(专科),学院,工科
河南农业大学,河南,河南省教育厅,本科/高职(专科),大学,农业
河南科技学院,河南,河南省教育厅,本科/高职(专科),学院,师范
河南牧业经济学院,河南,河南省教育厅,本科/高职(专科),学院,农业
河南中医学院,河南,河南省教育厅,本科/高职(专科),学院,医药
新乡医学院,河南,河南省教育厅,本科,学院,医药
河南大学,河南,河南省教育厅,本科/高职(专科),大学,综合
河南师范大学,河南,河南省教育厅,本科/高职(专科),大学,师范
信阳师范学院,河南,河南省教育厅,本科/高职(专科),学院,师范
周口师范学院,河南,河南省教育厅,本科/高职(专科),学院,师范
安阳师范学院,河南,河南省教育厅,本科/高职(专科),学院,师范
许昌学院,河南,河南省教育厅,本科/高职(专科),学院,工科
南阳师范学院,河南,河南省教育厅,本科/高职(专科),学院,师范
洛阳师范学院,河南,河南省教育厅,本科/高职(专科),学院,师范
商丘师范学院,河南,河南省教育厅,本科/高职(专科),学院,师范
河南财经政法大学,河南,河南省教育厅,本科/高职(专科),大学,财经
郑州航空工业管理学院,河南,河南省教育厅,本科/高职(专科),学院,财经
河南职业技术学院,河南,河南省教育厅,高职(专科),高等职业技术学校,工科
漯河职业技术学院,河南,河南省教育厅,高职(专科),高等职业技术学校,工科
三门峡职业技术学院,河南,河南省教育厅,高职(专科),高等职业技术学校,工科
郑州铁路职业技术学院,河南,河南省教育厅,高职(专科),高等职业技术学校,工科
黄淮学院,河南,河南省教育厅,本科/高职(专科),学院,师范
平顶山学院,河南,河南省教育厅,本科/高职(专科),学院,师范
中州大学,河南,河南省教育厅,高职(专科),短期职业大学,工科
开封大学,河南,河南省教育厅,高职(专科),短期职业大学,工科
洛阳理工学院,河南,河南省教育厅,本科/高职(专科),学院,综合
新乡学院,河南,河南省教育厅,本科/高职(专科),学院,工科
信阳农林学院,河南,河南省教育厅,本科/高职(专科),学院,农业
河南机电高等专科学校,河南,河南省教育厅,高职(专科),高等专科学校,工科
安阳工学院,河南,河南省教育厅,本科/高职(专科),学院,工科
河南工程学院,河南,河南省教育厅,本科/高职(专科),高等专科学校,工科
焦作大学,河南,河南省教育厅,高职(专科),短期职业大学,工科
河南财政税务高等专科学校,河南,河南省教育厅,高职(专科),高等专科学校,财经
南阳理工学院,河南,河南省教育厅,本科/高职(专科),学院,工科
河南城建学院,河南,河南省教育厅,本科/高职(专科),学院,工科
濮阳职业技术学院,河南,河南省教育厅,高职(专科),高等职业技术学校,工科
河南警察学院,河南,河南省教育厅,本科/高职(专科),学院,政法
郑州电力高等专科学校,河南,河南省教育厅,高职(专科),高等专科学校,工科
黄河科技学院,河南,河南省教育厅,本科/高职(专科),学院,工科
焦作师范高等专科学校,河南,河南省教育厅,高职(专科),高等专科学校,师范
郑州师范学院,河南,河南省教育厅,本科/高职(专科),学院,师范
黄河水利职业技术学院,河南,河南省教育厅,高职(专科),高等职业技术学校,工科
许昌职业技术学院,河南,河南省教育厅,高职(专科),高等职业技术学校,工科
河南工业和信息化职业学院,河南,河南省教育厅,高职(专科),学院,综合
河南水利与环境职业学院,河南,河南省教育厅,高职(专科),学院,工科
铁道警察学院,河南,公安部,高职(专科),高等专科学校,政法
商丘职业技术学院,河南,河南省教育厅,高职(专科),高等职业技术学校,财经
郑州科技学院,河南,河南省教育厅,本科/高职(专科),学院,工科
郑州工业应用技术学院,河南,河南省教育厅,本科/高职(专科),学院,工科
平顶山工业职业技术学院,河南,河南省教育厅,高职(专科),高等职业技术学校,工科
周口职业技术学院,河南,河南省教育厅,高职(专科),高等职业技术学校,工科
济源职业技术学院,河南,河南省教育厅,高职(专科),高等职业技术学校,工科
河南司法警官职业学院,河南,河南省教育厅,高职(专科),高等职业技术学校,政法
鹤壁职业技术学院,河南,河南省教育厅,高职(专科),高等职业技术学校,工科
河南工业职业技术学院,河南,河南省教育厅,高职(专科),高等职业技术学校,工科
郑州澍青医学高等专科学校,河南,河南省教育厅,高职(专科),高等专科学校,医药
郑州财经学院,河南,河南省教育厅,高职(专科),高等职业技术学校,财经
黄河交通学院,河南,河南省教育厅,高职(专科),高等职业技术学校,工科
河南检察职业学院,河南,河南省教育厅,高职(专科),高等职业技术学校,政法
商丘工学院,河南,河南省教育厅,本科/高职(专科),学院,工科
河南大学民生学院,河南,河南省教育厅,本科,独立学院,财经
河南师范大学新联学院,河南,河南省教育厅,本科,独立学院,师范
信阳师范学院华锐学院,河南,河南省教育厅,本科/高职(专科),独立学院,师范
安阳师范学院人文管理学院,河南,河南省教育厅,本科/高职(专科),独立学院,师范
新乡医学院三全学院,河南,河南省教育厅,本科/高职(专科),独立学院,医药
河南科技学院新科学院,河南,河南省教育厅,本科,独立学院,工科
河南理工大学万方科技学院,河南,河南省教育厅,本科/高职(专科),独立学院,工科
中原工学院信息商务学院,河南,河南省教育厅,本科/高职(专科),独立学院,财经
河南质量工程职业学院,河南,河南省教育厅,高职(专科),高等职业技术学校,工科
郑州信息科技职业学院,河南,河南省教育厅,高职(专科),高等职业技术学校,工科
漯河医学高等专科学校,河南,河南省教育厅,高职(专科),高等专科学校,医药
南阳医学高等专科学校,河南,河南省教育厅,高职(专科),高等专科学校,医药
商丘医学高等专科学校,河南,河南省教育厅,高职(专科),高等专科学校,医药
郑州电子信息职业技术学院,河南,河南省教育厅,高职(专科),高等职业技术学校,工科
信阳职业技术学院,河南,河南省教育厅,高职(专科),高等职业技术学校,师范
嵩山少林武术职业学院,河南,河南省教育厅,高职(专科),高等职业技术学校,体育
郑州工业安全职业学院,河南,河南省教育厅,高职(专科),高等职业技术学校,工科
永城职业学院,河南,河南省教育厅,高职(专科),高等职业技术学校,工科
河南经贸职业学院,河南,河南省教育厅,高职(专科),高等职业技术学校,财经
河南交通职业技术学院,河南,河南省教育厅,高职(专科),高等职业技术学校,工科
河南农业职业学院,河南,河南省教育厅,高职(专科),高等职业技术学校,农业
郑州旅游职业学院,河南,河南省教育厅,高职(专科),高等职业技术学校,财经
郑州职业技术学院,河南,河南省教育厅,高职(专科),高等职业技术学校,工科
河南信息统计职业学院,河南,河南省教育厅,高职(专科),高等职业技术学校,综合
河南林业职业学院,河南,河南省教育厅,高职(专科),学院,林业
河南工业贸易职业学院,河南,河南省教育厅,高职(专科),高等职业技术学校,财经
商丘学院,河南,河南省教育厅,本科/高职(专科),独立学院,综合
郑州成功财经学院,河南,河南省教育厅,本科/高职(专科),学院,财经
郑州电力职业技术学院,河南,河南省教育厅,高职(专科),高等职业技术学校,工科
周口科技职业学院,河南,河南省教育厅,高职(专科),高等职业技术学校,工科
河南建筑职业技术学院,河南,河南省教育厅,高职(专科),高等职业技术学校,工科
漯河食品职业学院,河南,河南省教育厅,高职(专科),高等职业技术学校,综合
郑州城市职业学院,河南,河南省教育厅,高职(专科),高等职业技术学校,工科
安阳职业技术学院,河南,河南省教育厅,高职(专科),高等职业技术学校,综合
新乡职业技术学院,河南,河南省教育厅,高职(专科),高等职业技术学校,综合
驻马店职业技术学院,河南,河南省教育厅,高职(专科),高等职业技术学校,工科
焦作工贸职业学院,河南,河南省教育厅,未知,高等职业技术学校,工科
许昌陶瓷职业学院,河南,河南省教育厅,高职(专科),高等职业技术学校,工科
郑州理工职业学院,河南,河南省教育厅,高职(专科),高等职业技术学校,工科
郑州信息工程职业学院,河南,河南省教育厅,未知,高等职业技术学校,工科
长垣烹饪职业技术学院,河南,河南省教育厅,高职(专科),高等职业技术学校,工科
开封文化艺术职业学院,河南,河南省教育厅,高职(专科),高等职业技术学校,艺术
河南化工职业学院,河南,河南省教育厅,高职(专科),高等职业技术学校,工科
河南艺术职业学院,河南,河南省教育厅,未知,高等职业技术学校,艺术
郑州升达经贸管理学院,河南,河南省教育厅,本科,学院,财经
河南机电职业学院,河南,河南省教育厅,高职(专科),高等职业技术学校,工科
河南护理职业学院,河南,河南省教育厅,高职(专科),高等专科学校,医药
许昌电气职业学院,河南,河南省教育厅,高职(专科),高等专科学校,工科
信阳涉外职业技术学院,河南,河南省教育厅,高职(专科),高等专科学校,工科
鹤壁汽车工程职业学院,河南,河南省教育厅,高职(专科),高等专科学校,工科
南阳职业学院,河南,河南省教育厅,高职(专科),高等职业技术学校,工科
郑州商贸旅游职业学院,河南,河南省教育厅,高职(专科),高等职业技术学校,财经
河南推拿职业学院,河南,河南省教育厅,高职(专科),高等职业技术学校,医药
洛阳职业技术学院,河南,河南省教育厅,高职(专科),高等职业技术学校,工科
郑州幼儿师范高等专科学校,河南,河南省教育厅,高职(专科),高等专科学校,师范
安阳幼儿师范高等专科学校,河南,河南省教育厅,高职(专科),高等专科学校,师范
郑州黄河护理职业学院,河南,河南省教育厅,高职(专科),高等职业技术学校,医药
河南医学高等专科学校,河南,河南省教育厅,高职(专科),高等专科学校,医药
郑州财税金融职业学院,河南,河南省教育厅,高职(专科),学院,财经
南阳农业职业学院,河南,河南省教育厅,高职(专科),高等职业技术学校,农业
洛阳科技职业学院,河南,河南省教育厅,高职(专科),学院,综合
平顶山文化艺术职业学院,河南,河南省教育厅,高职(专科),高等职业技术学校,艺术
第一拖拉机制造厂拖拉机学院,河南,河南省教育厅,高职(专科),成人高等学校,工科
河南教育学院,河南,河南省教育厅,高职(专科),成人高等学校,师范
平顶山教育学院,河南,河南省教育厅,高职(专科),成人高等学校,师范
武汉大学 985 211 研,湖北,教育部,本科/高职(专科),大学,综合
华中科技大学 985 211 研,湖北,教育部,本科/高职(专科),大学,综合
武汉科技大学,湖北,湖北省教育厅,本科/高职(专科),大学,工科
长江大学,湖北,湖北省教育厅,本科/高职(专科),大学,综合
武汉工程大学,湖北,湖北省教育厅,本科/高职(专科),大学,工科
中国地质大学(武汉) 211 研,湖北,教育部,本科,大学,工科
武汉纺织大学,湖北,湖北省教育厅,本科/高职(专科),大学,工科
武汉轻工大学,湖北,湖北省教育厅,本科/高职(专科),学院,工科
武汉理工大学 211,湖北,教育部,本科,大学,工科
湖北工业大学,湖北,湖北省教育厅,本科/高职(专科),大学,工科
华中农业大学 211,湖北,教育部,本科,大学,农业
湖北中医药大学,湖北,湖北省教育厅,本科/高职(专科),大学,医药
华中师范大学 211,湖北,教育部,本科/高职(专科),大学,师范
湖北大学,湖北,湖北省教育厅,本科/高职(专科),大学,综合
湖北师范学院,湖北,湖北省教育厅,本科/高职(专科),学院,师范
黄冈师范学院,湖北,湖北省教育厅,本科/高职(专科),学院,师范
湖北民族学院,湖北,湖北省教育厅,本科,学院,民族
郧阳师范高等专科学校,湖北,湖北省教育厅,高职(专科),高等专科学校,师范
湖北文理学院,湖北,湖北省教育厅,本科/高职(专科),学院,综合
中南财经政法大学 211,湖北,教育部,本科,大学,财经
武汉体育学院,湖北,湖北省教育厅,本科,学院,体育
湖北美术学院,湖北,湖北省教育厅,本科,学院,艺术
中南民族大学,湖北,国家民族事务委员会,本科,大学,民族
湖北汽车工业学院,湖北,湖北省教育厅,本科/高职(专科),学院,工科
湖北工程学院,湖北,湖北省教育厅,本科,学院,综合
武汉职业技术学院,湖北,湖北省教育厅,高职(专科),高等职业技术学校,工科
湖北理工学院,湖北,湖北省教育厅,本科/高职(专科),学院,工科
湖北科技学院,湖北,湖北省教育厅,本科/高职(专科),学院,综合
湖北医药学院,湖北,湖北省教育厅,本科/高职(专科),学院,医药
黄冈职业技术学院,湖北,湖北省教育厅,高职(专科),高等职业技术学校,工科
长江职业学院,湖北,湖北省教育厅,高职(专科),高等职业技术学校,工科
江汉大学,湖北,湖北省教育厅,本科/高职(专科),大学,综合
荆州理工职业学院,湖北,湖北省教育厅,高职(专科),短期职业大学,工科
三峡大学,湖北,湖北省教育厅,本科/高职(专科),大学,综合
湖北警官学院,湖北,湖北省教育厅,本科,学院,政法
湖北工业职业技术学院,湖北,湖北省教育厅,高职(专科),学院,工科
鄂州职业大学,湖北,湖北省教育厅,高职(专科),短期职业大学,工科
荆楚理工学院,湖北,湖北省教育厅,本科/高职(专科),学院,工科
武汉音乐学院,湖北,湖北省教育厅,本科,学院,艺术
湖北经济学院,湖北,湖北省教育厅,本科/高职(专科),学院,财经
武汉商学院,湖北,湖北省教育厅,高职(专科),短期职业大学,财经
武汉城市职业学院,湖北,湖北省教育厅,高职(专科),高等职业技术学校,综合
武汉东湖学院,湖北,湖北省教育厅,本科,学院,工科
汉口学院,湖北,湖北省教育厅,本科,学院,工科
湖北中医药高等专科学校,湖北,湖北省教育厅,高职(专科),高等专科学校,医药
湖北职业技术学院,湖北,湖北省教育厅,高职(专科),高等职业技术学校,工科
武汉船舶职业技术学院,湖北,湖北省教育厅,高职(专科),高等职业技术学校,工科
武昌首义学院,湖北,湖北省教育厅,本科/高职(专科),独立学院,工科
武昌理工学院,湖北,湖北省教育厅,本科,独立学院,工科
恩施职业技术学院,湖北,湖北省教育厅,高职(专科),高等职业技术学校,工科
襄阳职业技术学院,湖北,湖北省教育厅,高职(专科),高等职业技术学校,工科
武汉生物工程学院,湖北,湖北省教育厅,本科/高职(专科),学院,工科
武汉工贸职业学院,湖北,湖北省教育厅,高职(专科),高等职业技术学校,工科
荆州职业技术学院,湖北,湖北省教育厅,高职(专科),高等职业技术学校,工科
武汉工程职业技术学院,湖北,湖北省教育厅,高职(专科),高等职业技术学校,工科
仙桃职业学院,湖北,湖北省教育厅,高职(专科),高等职业技术学校,工科
湖北轻工职业技术学院,湖北,湖北省教育厅,高职(专科),高等职业技术学校,工科
湖北交通职业技术学院,湖北,湖北省教育厅,高职(专科),高等职业技术学校,工科
武汉航海职业技术学院,湖北,湖北省教育厅,高职(专科),高等职业技术学校,工科
武汉铁路职业技术学院,湖北,湖北省教育厅,高职(专科),高等职业技术学校,工科
武汉软件工程职业学院,湖北,湖北省教育厅,高职(专科),高等职业技术学校,工科
湖北三峡职业技术学院,湖北,湖北省教育厅,高职(专科),高等职业技术学校,工科
随州职业技术学院,湖北,湖北省教育厅,高职(专科),高等职业技术学校,工科
武汉电力职业技术学院,湖北,湖北省教育厅,高职(专科),高等职业技术学校,工科
湖北水利水电职业技术学院,湖北,湖北省教育厅,高职(专科),高等职业技术学校,工科
湖北城市建设职业技术学院,湖北,湖北省教育厅,高职(专科),高等职业技术学校,工科
武汉警官职业学院,湖北,湖北省教育厅,高职(专科),高等职业技术学校,政法
湖北生物科技职业学院,湖北,湖北省教育厅,高职(专科),高等职业技术学校,工科
湖北开放职业学院,湖北,湖北省教育厅,高职(专科),高等职业技术学校,工科
武汉科技职业学院,湖北,湖北省教育厅,高职(专科),高等职业技术学校,工科
武汉外语外事职业学院,湖北,湖北省教育厅,高职(专科),高等职业技术学校,工科
武汉信息传播职业技术学院,湖北,湖北省教育厅,高职(专科),高等职业技术学校,工科
武昌职业学院,湖北,湖北省教育厅,高职(专科),高等职业技术学校,工科
武汉商贸职业学院,湖北,湖北省教育厅,高职(专科),高等职业技术学校,财经
武汉大学珞珈学院,湖北,湖北省教育厅,本科/高职(专科),独立学院,综合
湖北大学知行学院,湖北,湖北省教育厅,本科/高职(专科),独立学院,工科
武汉科技大学城市学院,湖北,湖北省教育厅,本科/高职(专科),独立学院,工科
三峡大学科技学院,湖北,湖北省教育厅,本科/高职(专科),独立学院,工科
江汉大学文理学院,湖北,湖北省教育厅,本科/高职(专科),独立学院,财经
湖北工业大学工程技术学院,湖北,湖北省教育厅,本科/高职(专科),独立学院,工科
武汉工程大学邮电与信息工程学院,湖北,湖北省教育厅,本科/高职(专科),独立学院,工科
武汉纺织大学外经贸学院,湖北,湖北省教育厅,本科/高职(专科),独立学院,财经
武昌工学院,湖北,湖北省教育厅,本科/高职(专科),学院,工科
武汉工商学院,湖北,湖北省教育厅,本科,独立学院,财经
长江大学工程技术学院,湖北,湖北省教育厅,本科/高职(专科),独立学院,工科
长江大学文理学院,湖北,湖北省教育厅,本科/高职(专科),独立学院,工科
湖北商贸学院,湖北,湖北省教育厅,本科/高职(专科),独立学院,财经
湖北汽车工业学院科技学院,湖北,湖北省教育厅,本科/高职(专科),独立学院,工科
湖北医药学院药护学院,湖北,湖北省教育厅,本科/高职(专科),独立学院,医药
湖北民族学院科技学院,湖北,湖北省教育厅,本科/高职(专科),独立学院,工科
湖北经济学院法商学院,湖北,湖北省教育厅,本科/高职(专科),独立学院,财经
武汉体育学院体育科技学院,湖北,湖北省教育厅,本科/高职(专科),独立学院,体育
湖北师范学院文理学院,湖北,湖北省教育厅,本科/高职(专科),独立学院,师范
湖北文理学院理工学院,湖北,湖北省教育厅,本科,独立学院,工科
湖北工程学院新技术学院,湖北,湖北省教育厅,本科/高职(专科),学院,工科
文华学院,湖北,湖北省教育厅,本科/高职(专科),独立学院,工科
湖北艺术职业学院,湖北,湖北省教育厅,高职(专科),高等职业技术学校,艺术
武汉交通职业学院,湖北,湖北省教育厅,高职(专科),高等职业技术学校,工科
咸宁职业技术学院,湖北,湖北省教育厅,高职(专科),高等职业技术学校,工科
长江工程职业技术学院,湖北,湖北省教育厅,高职(专科),高等职业技术学校,工科
武汉学院,湖北,湖北省教育厅,本科/高职(专科),独立学院,财经
武汉工程科技学院,湖北,湖北省教育厅,本科/高职(专科),独立学院,工科
武汉理工大学华夏学院,湖北,湖北省教育厅,本科/高职(专科),独立学院,工科
华中师范大学武汉传媒学院,湖北,湖北省教育厅,本科/高职(专科),独立学院,艺术
江汉艺术职业学院,湖北,湖北省教育厅,高职(专科),高等职业技术学校,艺术
武汉工业职业技术学院,湖北,湖北省教育厅,高职(专科),高等职业技术学校,工科
武汉民政职业学院,湖北,湖北省教育厅,高职(专科),高等职业技术学校,政法
鄂东职业技术学院,湖北,湖北省教育厅,高职(专科),高等职业技术学校,工科
湖北财税职业学院,湖北,湖北省教育厅,高职(专科),高等职业技术学校,财经
黄冈科技职业学院,湖北,湖北省教育厅,高职(专科),高等职业技术学校,工科
湖北国土资源职业学院,湖北,湖北省教育厅,高职(专科),高等职业技术学校,工科
湖北生态工程职业技术学院,湖北,湖北省教育厅,高职(专科),高等职业技术学校,林业
武汉设计工程学院,湖北,湖北省教育厅,本科/高职(专科),独立学院,农业
三峡电力职业学院,湖北,湖北省教育厅,高职(专科),高等职业技术学校,工科
湖北第二师范学院,湖北,湖北省教育厅,本科/高职(专科),学院,师范
湖北科技职业学院,湖北,湖北省教育厅,高职(专科),高等职业技术学校,工科
湖北青年职业学院,湖北,湖北省教育厅,高职(专科),高等职业技术学校,工科
湖北工程职业学院,湖北,湖北省教育厅,高职(专科),高等职业技术学校,工科
三峡旅游职业技术学院,湖北,湖北省教育厅,高职(专科),高等职业技术学校,综合
天门职业学院,湖北,湖北省教育厅,高职(专科),高等职业技术学校,工科
湖北体育职业学院,湖北,湖北省教育厅,高职(专科),高等职业技术学校,体育
襄阳汽车职业技术学院,湖北,湖北省教育厅,高职(专科),高等职业技术学校,工科
湖北幼儿师范高等专科学校,湖北,湖北省教育厅,高职(专科),高等专科学校,师范
荆州教育学院,湖北,湖北省教育厅,高职(专科),成人高等学校,师范
湘潭大学,湖南,湖南省教育厅,本科/高职(专科),大学,综合
吉首大学,湖南,湖南省教育厅,本科/高职(专科),大学,综合
湖南大学 985 211 研,湖南,教育部,本科,大学,综合
中南大学 985 211 研,湖南,教育部,本科,大学,综合
湖南科技大学,湖南,湖南省教育厅,本科,大学,综合
长沙理工大学,湖南,湖南省教育厅,本科/高职(专科),大学,工科
湖南农业大学,湖南,湖南省教育厅,本科/高职(专科),大学,农业
中南林业科技大学,湖南,湖南省教育厅,本科/高职(专科),大学,林业
湖南中医药大学,湖南,湖南省教育厅,本科/高职(专科),大学,医药
湖南师范大学 211,湖南,湖南省教育厅,本科,大学,师范
湖南理工学院,湖南,湖南省教育厅,本科,学院,工科
湘南学院,湖南,湖南省教育厅,本科/高职(专科),学院,工科
衡阳师范学院,湖南,湖南省教育厅,本科,学院,师范
邵阳学院,湖南,湖南省教育厅,本科,学院,工科
怀化学院,湖南,湖南省教育厅,本科,学院,综合
湖南文理学院,湖南,湖南省教育厅,本科/高职(专科),学院,综合
湖南科技学院,湖南,湖南省教育厅,本科,学院,综合
湖南人文科技学院,湖南,湖南省教育厅,本科/高职(专科),学院,师范
湖南商学院,湖南,湖南省教育厅,本科/高职(专科),学院,财经
南华大学,湖南,湖南省教育厅,本科,大学,综合
长沙医学院,湖南,湖南省教育厅,本科/高职(专科),学院,医药
长沙民政职业技术学院,湖南,湖南省教育厅,高职(专科),高等职业技术学校,工科
湖南工业职业技术学院,湖南,湖南省教育厅,高职(专科),高等职业技术学校,工科
湖南信息职业技术学院,湖南,湖南省教育厅,高职(专科),高等职业技术学校,工科
长沙学院,湖南,湖南省教育厅,本科,学院,工科
湖南工程学院,湖南,湖南省教育厅,本科/高职(专科),学院,工科
湖南城市学院,湖南,湖南省教育厅,本科/高职(专科),学院,综合
湖南工学院,湖南,湖南省教育厅,本科/高职(专科),学院,工科
湖南财政经济学院,湖南,湖南省教育厅,本科/高职(专科),学院,财经
湖南警察学院,湖南,湖南省教育厅,本科/高职(专科),学院,政法
湖南工业大学,湖南,湖南省教育厅,本科/高职(专科),大学,工科
湖南女子学院,湖南,湖南省教育厅,本科/高职(专科),学院,语言
湖南第一师范学院,湖南,湖南省教育厅,本科/高职(专科),高等专科学校,师范
长沙航空职业技术学院,湖南,总装备部,高职(专科),高等职业技术学校,工科
湖南医药学院,湖南,湖南省教育厅,高职(专科),高等专科学校,医药
湖南大众传媒职业技术学院,湖南,湖南省教育厅,高职(专科),高等职业技术学校,综合
永州职业技术学院,湖南,湖南省教育厅,高职(专科),高等职业技术学校,综合
湖南铁道职业技术学院,湖南,湖南省教育厅,高职(专科),高等职业技术学校,工科
湖南涉外经济学院,湖南,湖南省教育厅,本科/高职(专科),学院,综合
湖南科技职业学院,湖南,湖南省教育厅,高职(专科),高等职业技术学校,综合
湖南生物机电职业技术学院,湖南,湖南省教育厅,高职(专科),高等职业技术学校,综合
湖南交通职业技术学院,湖南,湖南省教育厅,高职(专科),高等职业技术学校,工科
湖南商务职业技术学院,湖南,湖南省教育厅,高职(专科),高等职业技术学校,财经
湖南体育职业学院,湖南,湖南省教育厅,高职(专科),高等职业技术学校,体育
湖南工程职业技术学院,湖南,湖南省教育厅,高职(专科),高等职业技术学校,工科
保险职业学院,湖南,湖南省教育厅,高职(专科),高等职业技术学校,财经
湖南外贸职业学院,湖南,湖南省教育厅,高职(专科),高等职业技术学校,财经
湖南网络工程职业学院,湖南,湖南省教育厅,高职(专科),高等职业技术学校,综合
邵阳职业技术学院,湖南,湖南省教育厅,高职(专科),高等职业技术学校,综合
湖南司法警官职业学院,湖南,湖南省教育厅,高职(专科),高等职业技术学校,政法
长沙商贸旅游职业技术学院,湖南,湖南省教育厅,高职(专科),高等职业技术学校,财经
湖南工业大学科技学院,湖南,湖南省教育厅,本科,独立学院,工科
湖南科技大学潇湘学院,湖南,湖南省教育厅,本科,独立学院,综合
南华大学船山学院,湖南,湖南省教育厅,本科,独立学院,工科
湖南商学院北津学院,湖南,湖南省教育厅,本科,独立学院,财经
湖南师范大学树达学院,湖南,湖南省教育厅,本科,独立学院,师范
湖南农业大学东方科技学院,湖南,湖南省教育厅,本科,独立学院,农业
中南林业科技大学涉外学院,湖南,湖南省教育厅,本科,独立学院,综合
湖南文理学院芙蓉学院,湖南,湖南省教育厅,本科,独立学院,综合
湖南理工学院南湖学院,湖南,湖南省教育厅,本科,独立学院,工科
衡阳师范学院南岳学院,湖南,湖南省教育厅,本科,独立学院,师范
湖南工程学院应用技术学院,湖南,湖南省教育厅,本科,独立学院,工科
湖南中医药大学湘杏学院,湖南,湖南省教育厅,本科,独立学院,医药
吉首大学张家界学院,湖南,湖南省教育厅,本科,独立学院,综合
湖南环境生物职业技术学院,湖南,湖南省教育厅,高职(专科),高等职业技术学校,农业
湖南邮电职业技术学院,湖南,湖南省教育厅,高职(专科),高等职业技术学校,工科
湘潭职业技术学院,湖南,湖南省教育厅,高职(专科),高等职业技术学校,综合
郴州职业技术学院,湖南,湖南省教育厅,高职(专科),高等职业技术学校,综合
娄底职业技术学院,湖南,湖南省教育厅,高职(专科),高等职业技术学校,综合
张家界航空工业职业技术学院,湖南,湖南省教育厅,高职(专科),高等职业技术学校,工科
长沙环境保护职业技术学院,湖南,湖南省教育厅,高职(专科),高等职业技术学校,工科
湖南艺术职业学院,湖南,湖南省教育厅,高职(专科),高等职业技术学校,艺术
湖南机电职业技术学院,湖南,湖南省教育厅,高职(专科),高等职业技术学校,工科
怀化职业技术学院,湖南,湖南省教育厅,高职(专科),高等职业技术学校,综合
岳阳职业技术学院,湖南,湖南省教育厅,高职(专科),高等职业技术学校,综合
常德职业技术学院,湖南,湖南省教育厅,高职(专科),高等职业技术学校,综合
长沙南方职业学院,湖南,湖南省教育厅,高职(专科),高等职业技术学校,综合
潇湘职业学院,湖南,湖南省教育厅,高职(专科),高等职业技术学校,综合
湖南化工职业技术学院,湖南,湖南省教育厅,高职(专科),高等职业技术学校,工科
湖南城建职业技术学院,湖南,湖南省教育厅,高职(专科),高等职业技术学校,工科
湖南石油化工职业技术学院,湖南,湖南省教育厅,高职(专科),高等职业技术学校,工科
长沙理工大学城南学院,湖南,湖南省教育厅,本科,独立学院,工科
邵阳医学高等专科学校,湖南,湖南省教育厅,高职(专科),高等专科学校,医药
湖南民族职业学院,湖南,湖南省教育厅,高职(专科),高等职业技术学校,民族
湘西民族职业技术学院,湖南,湖南省教育厅,高职(专科),高等职业技术学校,民族
长沙师范学院,湖南,湖南省教育厅,高职(专科),高等专科学校,师范
湖南财经工业职业技术学院,湖南,湖南省教育厅,高职(专科),高等职业技术学校,财经
益阳职业技术学院,湖南,湖南省教育厅,高职(专科),高等职业技术学校,综合
湖南应用技术学院,湖南,湖南省教育厅,高职(专科),高等职业技术学校,综合
湖南信息学院,湖南,湖南省教育厅,高职(专科),高等职业技术学校,工科
湖南工艺美术职业学院,湖南,湖南省教育厅,高职(专科),高等职业技术学校,艺术
湖南九嶷职业技术学院,湖南,湖南省教育厅,高职(专科),高等职业技术学校,综合
湖南理工职业技术学院,湖南,湖南省教育厅,高职(专科),高等职业技术学校,工科
湖南交通工程学院,湖南,湖南省教育厅,高职(专科),高等职业技术学校,财经
湖南软件职业学院,湖南,湖南省教育厅,高职(专科),高等职业技术学校,工科
湖南汽车工程职业学院,湖南,湖南省教育厅,高职(专科),高等职业技术学校,综合
长沙电力职业技术学院,湖南,湖南省教育厅,高职(专科),高等职业技术学校,工科
湖南水利水电职业技术学院,湖南,湖南省教育厅,高职(专科),高等职业技术学校,工科
湖南现代物流职业技术学院,湖南,湖南省教育厅,高职(专科),高等职业技术学校,综合
湖南高速铁路职业技术学院,湖南,湖南省教育厅,高职(专科),高等职业技术学校,工科
湖南铁路科技职业技术学院,湖南,湖南省教育厅,高职(专科),高等职业技术学校,工科
湖南安全技术职业学院,湖南,湖南省教育厅,高职(专科),高等职业技术学校,工科
湖南电气职业技术学院,湖南,湖南省教育厅,高职(专科),高等职业技术学校,工科
湖南外国语职业学院,湖南,湖南省教育厅,高职(专科),高等职业技术学校,语言
益阳医学高等专科学校,湖南,湖南省教育厅,高职(专科),高等专科学校,医药
湖南都市职业学院,湖南,湖南省教育厅,高职(专科),高等职业技术学校,工科
湖南电子科技职业学院,湖南,湖南省教育厅,高职(专科),高等职业技术学校,工科
湖南科技工业职业技术学院,湖南,湖南省教育厅,高职(专科),高等职业技术学校,工科
湖南高尔夫旅游职业学院,湖南,湖南省教育厅,高职(专科),高等职业技术学校,财经
湖南工商职业学院,湖南,湖南省教育厅,高职(专科),高等职业技术学校,工科
湖南三一工业职业技术学院,湖南,湖南省教育厅,高职(专科),高等职业技术学校,工科
长沙卫生职业学院,湖南,湖南省教育厅,高职(专科),高等职业技术学校,医药
湖南食品药品职业学院,湖南,湖南省教育厅,高职(专科),高等专科学校,医药
湖南有色金属职业技术学院,湖南,湖南省教育厅,高职(专科),高等职业技术学校,工科
湖南吉利汽车职业技术学院,湖南,湖南省教育厅,高职(专科),高等职业技术学校,工科
湖南幼儿师范高等专科学校,湖南,湖南省教育厅,高职(专科),高等专科学校,师范
湘南幼儿师范高等专科学校,湖南,湖南省教育厅,高职(专科),高等专科学校,师范
湖南劳动人事职业学院,湖南,湖南省教育厅,高职(专科),学院,综合
中山大学 985 211 研,广东,教育部,本科,大学,综合
暨南大学 211,广东,国务院侨务办公室,本科,大学,综合
汕头大学,广东,广东省教育厅,本科,大学,综合
华南理工大学 985 211 研,广东,教育部,本科,大学,工科
华南农业大学,广东,广东省教育厅,本科,大学,农业
广东海洋大学,广东,广东省教育厅,本科/高职(专科),大学,农业
广州医科大学,广东,广东省教育厅,本科/高职(专科),大学,医药
广东医学院,广东,广东省教育厅,本科,学院,医药
广州中医药大学,广东,广东省教育厅,本科/高职(专科),大学,医药
广东药学院,广东,广东省教育厅,本科/高职(专科),学院,医药
华南师范大学 211,广东,广东省教育厅,本科/高职(专科),大学,师范
韶关学院,广东,广东省教育厅,本科/高职(专科),学院,综合
惠州学院,广东,广东省教育厅,本科/高职(专科),学院,综合
韩山师范学院,广东,广东省教育厅,本科/高职(专科),学院,师范
岭南师范学院,广东,广东省教育厅,本科/高职(专科),学院,师范
肇庆学院,广东,广东省教育厅,本科/高职(专科),学院,综合
嘉应学院,广东,广东省教育厅,本科/高职(专科),学院,综合
广州体育学院,广东,广东省教育厅,本科,学院,体育
广州美术学院,广东,广东省教育厅,本科,学院,艺术
星海音乐学院,广东,广东省教育厅,本科,学院,艺术
广东技术师范学院,广东,广东省教育厅,本科/高职(专科),学院,师范
深圳大学,广东,广东省教育厅,本科,大学,综合
广东财经大学,广东,广东省教育厅,本科,大学,财经
广东白云学院,广东,广东省教育厅,本科/高职(专科),学院,工科
顺德职业技术学院,广东,广东省教育厅,高职(专科),高等职业技术学校,综合
广东轻工职业技术学院,广东,广东省教育厅,高职(专科),高等职业技术学校,工科
广东交通职业技术学院,广东,广东省教育厅,高职(专科),高等职业技术学校,工科
广东水利电力职业技术学院,广东,广东省教育厅,高职(专科),高等职业技术学校,工科
潮汕职业技术学院,广东,广东省教育厅,高职(专科),高等职业技术学校,综合
广州大学,广东,广东省教育厅,本科/高职(专科),大学,综合
广州航海学院,广东,广东省教育厅,本科/高职(专科),学院,工科
广东警官学院,广东,广东省教育厅,本科,学院,政法
深圳职业技术学院,广东,广东省教育厅,高职(专科),高等职业技术学校,综合
民办南华工商学院,广东,广东省教育厅,高职(专科),高等职业技术学校,财经
私立华联学院,广东,广东省教育厅,高职(专科),高等专科学校,综合
仲恺农业工程学院,广东,广东省教育厅,本科,学院,农业
五邑大学,广东,广东省教育厅,本科,大学,综合
广东金融学院,广东,广东省教育厅,本科,学院,财经
电子科技大学中山学院,广东,广东省教育厅,本科,独立学院,综合
广东石油化工学院,广东,广东省教育厅,本科/高职(专科),学院,综合
东莞理工学院,广东,广东省教育厅,本科,学院,工科
广东工业大学,广东,广东省教育厅,本科/高职(专科),大学,工科
广东外语外贸大学,广东,广东省教育厅,本科,大学,语言
佛山科学技术学院,广东,广东省教育厅,本科/高职(专科),学院,综合
广州民航职业技术学院,广东,中国民用航空总局,高职(专科),高等职业技术学校,工科
广州番禺职业技术学院,广东,广东省教育厅,高职(专科),高等职业技术学校,综合
广东培正学院,广东,广东省教育厅,本科/高职(专科),学院,财经
广东松山职业技术学院,广东,广东省教育厅,高职(专科),高等职业技术学校,工科
南方医科大学,广东,广东省教育厅,本科/高职(专科),大学,医药
广东农工商职业技术学院,广东,广东省教育厅,高职(专科),高等职业技术学校,综合
广东新安职业技术学院,广东,广东省教育厅,高职(专科),高等职业技术学校,综合
佛山职业技术学院,广东,广东省教育厅,高职(专科),高等职业技术学校,综合
广东科学技术职业学院,广东,广东省教育厅,高职(专科),高等职业技术学校,工科
广东食品药品职业学院,广东,广东省教育厅,高职(专科),高等职业技术学校,工科
广东东软学院,广东,广东省教育厅,高职(专科),高等职业技术学校,工科
广州康大职业技术学院,广东,广东省教育厅,高职(专科),高等职业技术学校,工科
珠海艺术职业学院,广东,广东省教育厅,高职(专科),高等职业技术学校,艺术
广东行政职业学院,广东,广东省教育厅,高职(专科),高等职业技术学校,综合
广东体育职业技术学院,广东,广东省教育厅,高职(专科),高等职业技术学校,体育
华南理工大学广州学院,广东,广东省教育厅,本科,独立学院,工科
广州大学华软软件学院,广东,广东省教育厅,本科/高职(专科),独立学院,工科
中山大学南方学院,广东,广东省教育厅,本科,独立学院,综合
广东外语外贸大学南国商学院,广东,广东省教育厅,本科,独立学院,财经
广东财经大学华商学院,广东,广东省教育厅,本科/高职(专科),独立学院,财经
广东海洋大学寸金学院,广东,广东省教育厅,本科/高职(专科),独立学院,综合
华南农业大学珠江学院,广东,广东省教育厅,本科,独立学院,农业
广东技术师范学院天河学院,广东,广东省教育厅,本科/高职(专科),独立学院,工科
广东职业技术学院,广东,广东省教育厅,高职(专科),高等职业技术学校,工科
广东建设职业技术学院,广东,广东省教育厅,高职(专科),高等职业技术学校,工科
广东女子职业技术学院,广东,广东省教育厅,高职(专科),高等职业技术学校,综合
广东机电职业技术学院,广东,广东省教育厅,高职(专科),高等职业技术学校,工科
广东岭南职业技术学院,广东,广东省教育厅,高职(专科),高等职业技术学校,综合
汕尾职业技术学院,广东,广东省教育厅,高职(专科),高等职业技术学校,综合
罗定职业技术学院,广东,广东省教育厅,高职(专科),高等职业技术学校,综合
阳江职业技术学院,广东,广东省教育厅,高职(专科),高等职业技术学校,综合
河源职业技术学院,广东,广东省教育厅,高职(专科),高等职业技术学校,综合
广东邮电职业技术学院,广东,广东省教育厅,高职(专科),高等职业技术学校,工科
汕头职业技术学院,广东,广东省教育厅,高职(专科),高等职业技术学校,综合
揭阳职业技术学院,广东,广东省教育厅,高职(专科),高等职业技术学校,综合
深圳信息职业技术学院,广东,广东省教育厅,高职(专科),高等职业技术学校,综合
清远职业技术学院,广东,广东省教育厅,高职(专科),高等职业技术学校,综合
广东工贸职业技术学院,广东,广东省教育厅,高职(专科),高等职业技术学校,工科
广东司法警官职业学院,广东,广东省教育厅,高职(专科),高等职业技术学校,政法
广东亚视演艺职业学院,广东,广东省教育厅,高职(专科),高等职业技术学校,艺术
广东外语艺术职业学院,广东,广东省教育厅,高职(专科),高等职业技术学校,综合
北京师范大学珠海分校,广东,广东省教育厅,本科,独立学院,综合
广东工业大学华立学院,广东,广东省教育厅,本科,独立学院,工科
广州大学松田学院,广东,广东省教育厅,本科,独立学院,综合
广州商学院,广东,广东省教育厅,本科,独立学院,综合
北京理工大学珠海学院,广东,广东省教育厅,本科,独立学院,综合
吉林大学珠海学院,广东,广东省教育厅,本科,独立学院,综合
广东文艺职业学院,广东,广东省教育厅,高职(专科),高等职业技术学校,艺术
广州体育职业技术学院,广东,广东省教育厅,高职(专科),高等职业技术学校,体育
广州工程技术职业学院,广东,广东省教育厅,高职(专科),高等职业技术学校,综合
中山火炬职业技术学院,广东,广东省教育厅,高职(专科),高等职业技术学校,工科
江门职业技术学院,广东,广东省教育厅,高职(专科),高等职业技术学校,综合
茂名职业技术学院,广东,广东省教育厅,高职(专科),高等职业技术学校,综合
珠海城市职业技术学院,广东,广东省教育厅,高职(专科),高等职业技术学校,综合
广州工商学院,广东,广东省教育厅,高职(专科),高等职业技术学校,综合
广州涉外经济职业技术学院,广东,广东省教育厅,高职(专科),高等职业技术学校,综合
广州南洋理工职业学院,广东,广东省教育厅,高职(专科),高等职业技术学校,综合
广州科技职业技术学院,广东,广东省教育厅,高职(专科),高等职业技术学校,综合
惠州经济职业技术学院,广东,广东省教育厅,高职(专科),高等职业技术学校,财经
广东科技学院,广东,广东省教育厅,本科/高职(专科),学院,综合
广东理工学院,广东,广东省教育厅,高职(专科),高等职业技术学校,工科
广东工商职业学院,广东,广东省教育厅,高职(专科),高等职业技术学校,综合
肇庆医学高等专科学校,广东,广东省教育厅,高职(专科),高等专科学校,医药
东莞理工学院城市学院,广东,广东省教育厅,本科/高职(专科),独立学院,工科
中山大学新华学院,广东,广东省教育厅,本科,独立学院,综合
广州现代信息工程职业技术学院,广东,广东省教育厅,高职(专科),高等职业技术学校,工科
广东理工职业学院,广东,广东省教育厅,高职(专科),高等职业技术学校,工科
广州华南商贸职业学院,广东,广东省教育厅,高职(专科),高等职业技术学校,财经
广州华立科技职业学院,广东,广东省教育厅,高职(专科),高等职业技术学校,工科
广州城市职业学院,广东,广东省教育厅,高职(专科),高等职业技术学校,综合
广东工程职业技术学院,广东,广东省教育厅,高职(专科),高等职业技术学校,工科
广州铁路职业技术学院,广东,广东省教育厅,高职(专科),高等职业技术学校,工科
广东科贸职业学院,广东,广东省教育厅,高职(专科),高等职业技术学校,财经
广州科技贸易职业学院,广东,广东省教育厅,高职(专科),高等职业技术学校,财经
中山职业技术学院,广东,广东省教育厅,高职(专科),高等职业技术学校,综合
广州珠江职业技术学院,广东,广东省教育厅,高职(专科),高等职业技术学校,工科
广州松田职业学院,广东,广东省教育厅,高职(专科),高等职业技术学校,综合
广东文理职业学院,广东,广东省教育厅,高职(专科),高等职业技术学校,综合
广州城建职业学院,广东,广东省教育厅,高职(专科),高等职业技术学校,工科
东莞职业技术学院,广东,广东省教育厅,高职(专科),高等职业技术学校,工科
广东南方职业学院,广东,广东省教育厅,高职(专科),高等职业技术学校,综合
广州华商职业学院,广东,广东省教育厅,高职(专科),高等职业技术学校,综合
广州华夏职业学院,广东,广东省教育厅,高职(专科),高等职业技术学校,综合
广东第二师范学院,广东,广东省教育厅,本科/高职(专科),学院,师范
广东环境保护工程职业学院,广东,广东省教育厅,高职(专科),高等职业技术学校,工科
南方科技大学,广东,广东省教育厅,本科,大学,综合
广东青年职业学院,广东,广东省教育厅,高职(专科),高等职业技术学校,综合
广州东华职业学院,广东,广东省教育厅,高职(专科),高等职业技术学校,综合
广东创新科技职业学院,广东,广东省教育厅,高职(专科),高等职业技术学校,工科
广东舞蹈戏剧职业学院,广东,广东省教育厅,高职(专科),高等职业技术学校,艺术
惠州卫生职业技术学院,广东,广东省教育厅,高职(专科),高等职业技术学校,医药
广东信息工程职业学院,广东,广东省教育厅,高职(专科),高等职业技术学校,工科
广东生态工程职业学院,广东,广东省教育厅,高职(专科),学院,农业
惠州城市职业学院,广东,广东省教育厅,高职(专科),学院,工科
广东碧桂园职业学院,广东,广东省教育厅,高职(专科),学院,综合
广东茂名健康职业学院,广东,广东省教育厅,高职(专科),高等职业技术学校,医药
北京师范大学-香港浸会大学联合国际学院,广东,广东省教育厅,本科,学院,综合
香港中文大学(深圳),广东,广东省教育厅,本科,大学,综合
广西大学 211,广西,广西壮族自治区教育厅,本科,大学,综合
广西科技大学,广西,广西壮族自治区教育厅,本科,学院,工科
桂林电子科技大学,广西,广西壮族自治区教育厅,本科/高职(专科),大学,工科
桂林理工大学,广西,广西壮族自治区教育厅,本科/高职(专科),大学,工科
广西医科大学,广西,广西壮族自治区教育厅,本科/高职(专科),大学,医药
右江民族医学院,广西,广西壮族自治区教育厅,本科/高职(专科),学院,医药
广西中医药大学,广西,广西壮族自治区教育厅,本科/高职(专科),学院,医药
桂林医学院,广西,广西壮族自治区教育厅,本科/高职(专科),学院,医药
广西师范大学,广西,广西壮族自治区教育厅,本科,大学,师范
广西师范学院,广西,广西壮族自治区教育厅,本科/高职(专科),学院,师范
广西民族师范学院,广西,广西壮族自治区教育厅,本科/高职(专科),学院,师范
河池学院,广西,广西壮族自治区教育厅,本科,学院,综合
玉林师范学院,广西,广西壮族自治区教育厅,本科/高职(专科),学院,师范
广西艺术学院,广西,广西壮族自治区教育厅,本科/高职(专科),学院,艺术
广西民族大学,广西,广西壮族自治区教育厅,本科/高职(专科),大学,民族
百色学院,广西,广西壮族自治区教育厅,本科/高职(专科),学院,综合
广西机电职业技术学院,广西,广西壮族自治区教育厅,高职(专科),高等职业技术学校,工科
广西体育高等专科学校,广西,广西壮族自治区教育厅,高职(专科),高等专科学校,体育
梧州学院,广西,广西壮族自治区教育厅,本科/高职(专科),学院,综合
南宁职业技术学院,广西,广西壮族自治区教育厅,高职(专科),高等职业技术学校,综合
广西科技师范学院,广西,广西壮族自治区教育厅,高职(专科),高等专科学校,师范
广西警察学院,广西,广西壮族自治区教育厅,高职(专科),高等专科学校,政法
广西财经学院,广西,广西壮族自治区教育厅,本科/高职(专科),学院,财经
南宁学院,广西,广西壮族自治区教育厅,本科,学院,工科
钦州学院,广西,广西壮族自治区教育厅,本科/高职(专科),学院,综合
广西水利电力职业技术学院,广西,广西壮族自治区教育厅,高职(专科),高等职业技术学校,工科
广西职业技术学院,广西,广西壮族自治区教育厅,高职(专科),高等职业技术学校,农业
桂林师范高等专科学校,广西,广西壮族自治区教育厅,高职(专科),高等专科学校,师范
桂林航天工业学院,广西,广西壮族自治区教育厅,本科/高职(专科),学院,工科
桂林旅游学院,广西,广西壮族自治区教育厅,高职(专科),高等专科学校,财经
贺州学院,广西,广西壮族自治区教育厅,本科/高职(专科),学院,综合
柳州职业技术学院,广西,广西壮族自治区教育厅,高职(专科),高等职业技术学校,综合
广西生态工程职业技术学院,广西,广西壮族自治区教育厅,高职(专科),高等职业技术学校,林业
广西交通职业技术学院,广西,广西壮族自治区教育厅,高职(专科),高等职业技术学校,工科
广西工业职业技术学院,广西,广西壮族自治区教育厅,高职(专科),高等职业技术学校,工科
广西国际商务职业技术学院,广西,广西壮族自治区教育厅,高职(专科),高等职业技术学校,政法
广西农业职业技术学院,广西,广西壮族自治区教育厅,高职(专科),高等职业技术学校,农业
柳州铁道职业技术学院,广西,广西壮族自治区教育厅,高职(专科),高等职业技术学校,工科
广西建设职业技术学院,广西,广西壮族自治区教育厅,高职(专科),高等职业技术学校,工科
广西现代职业技术学院,广西,广西壮族自治区教育厅,高职(专科),高等职业技术学校,综合
北海职业学院,广西,广西壮族自治区教育厅,高职(专科),高等职业技术学校,综合
北海艺术设计学院,广西,广西壮族自治区教育厅,高职(专科),高等职业技术学校,艺术
桂林山水职业学院,广西,广西壮族自治区教育厅,高职(专科),高等职业技术学校,综合
广西大学行健文理学院,广西,广西壮族自治区教育厅,本科,独立学院,综合
广西科技大学鹿山学院,广西,广西壮族自治区教育厅,本科,独立学院,工科
广西民族大学相思湖学院,广西,广西壮族自治区教育厅,本科,独立学院,民族
广西师范大学漓江学院,广西,广西壮族自治区教育厅,本科,独立学院,综合
广西师范学院师园学院,广西,广西壮族自治区教育厅,本科,独立学院,综合
广西中医药大学赛恩斯新医药学院,广西,广西壮族自治区教育厅,本科,独立学院,医药
桂林电子科技大学信息科技学院,广西,广西壮族自治区教育厅,本科,独立学院,工科
桂林理工大学博文管理学院,广西,广西壮族自治区教育厅,本科,独立学院,工科
广西经贸职业技术学院,广西,广西壮族自治区教育厅,高职(专科),高等职业技术学校,财经
广西工商职业技术学院,广西,广西壮族自治区教育厅,高职(专科),高等职业技术学校,财经
广西演艺职业学院,广西,广西壮族自治区教育厅,高职(专科),高等职业技术学校,艺术
广西外国语学院,广西,广西壮族自治区教育厅,本科/高职(专科),学院,综合
广西电力职业技术学院,广西,广西壮族自治区教育厅,高职(专科),高等职业技术学校,工科
广西城市职业学院,广西,广西壮族自治区教育厅,高职(专科),高等职业技术学校,综合
广西英华国际职业学院,广西,广西壮族自治区教育厅,高职(专科),高等职业技术学校,综合
柳州城市职业学院,广西,广西壮族自治区教育厅,高职(专科),高等职业技术学校,综合
百色职业学院,广西,广西壮族自治区教育厅,高职(专科),高等职业技术学校,综合
广西工程职业学院,广西,广西壮族自治区教育厅,高职(专科),高等职业技术学校,工科
广西理工职业技术学院,广西,广西壮族自治区教育厅,高职(专科),高等职业技术学校,工科
梧州职业学院,广西,广西壮族自治区教育厅,高职(专科),高等职业技术学校,工科
广西经济职业学院,广西,广西壮族自治区教育厅,高职(专科),高等职业技术学校,财经
广西幼儿师范高等专科学校,广西,广西壮族自治区教育厅,高职(专科),高等专科学校,师范
广西科技职业学院,广西,广西壮族自治区教育厅,高职(专科),高等职业技术学校,综合
广西卫生职业技术学院,广西,广西壮族自治区教育厅,高职(专科),高等职业技术学校,医药
广西培贤国际职业学院,广西,广西壮族自治区教育厅,高职(专科),高等职业技术学校,财经
广西金融职业技术学院,广西,广西壮族自治区教育厅,高职(专科),高等职业技术学校,综合
广西经济管理干部学院,广西,广西壮族自治区教育厅,高职(专科),管理干部学院,综合
广西教育学院,广西,广西壮族自治区教育厅,高职(专科),成人高等学校,师范
广西政法管理干部学院,广西,广西壮族自治区教育厅,高职(专科),成人高等学校,政法
南宁地区教育学院,广西,广西壮族自治区教育厅,高职(专科),成人高等学校,师范
海南大学 211,海南,海南省教育厅,本科,大学,综合
琼州学院,海南,海南省教育厅,本科/高职(专科),学院,综合
海南师范大学,海南,海南省教育厅,本科,大学,师范
海南医学院,海南,海南省教育厅,本科/高职(专科),学院,医药
海南职业技术学院,海南,海南省教育厅,高职(专科),高等职业技术学校,综合
海口经济学院,海南,海南省教育厅,本科/高职(专科),学院,财经
三亚城市职业学院,海南,海南省教育厅,高职(专科),高等职业技术学校,语言
海南软件职业技术学院,海南,海南省教育厅,高职(专科),高等职业技术学校,工科
海南政法职业学院,海南,海南省教育厅,高职(专科),高等职业技术学校,政法
海南外国语职业学院,海南,海南省教育厅,高职(专科),高等职业技术学校,综合
琼台师范高等专科学校,海南,海南省教育厅,高职(专科),高等专科学校,师范
海南经贸职业技术学院,海南,海南省教育厅,高职(专科),高等职业技术学校,财经
海南工商职业学院,海南,海南省教育厅,高职(专科),高等职业技术学校,财经
三亚学院,海南,海南省教育厅,本科,学院,综合
三亚航空旅游职业学院,海南,海南省教育厅,高职(专科),高等职业技术学校,综合
海南科技职业学院,海南,海南省教育厅,高职(专科),高等职业技术学校,工科
三亚理工职业学院,海南,海南省教育厅,高职(专科),高等职业技术学校,综合
重庆大学 985 211 研,重庆,教育部,本科,大学,综合
重庆邮电大学,重庆,重庆市教育委员会,本科,大学,工科
重庆交通大学,重庆,重庆市教育委员会,本科/高职(专科),大学,工科
重庆医科大学,重庆,重庆市教育委员会,本科/高职(专科),大学,医药
西南大学 211,重庆,教育部,本科,大学,综合
重庆师范大学,重庆,重庆市教育委员会,本科/高职(专科),大学,师范
重庆文理学院,重庆,重庆市教育委员会,本科/高职(专科),学院,综合
重庆三峡学院,重庆,重庆市教育委员会,本科/高职(专科),学院,综合
长江师范学院,重庆,重庆市教育委员会,本科/高职(专科),学院,师范
四川外国语大学,重庆,重庆市教育委员会,本科/高职(专科),学院,语言
西南政法大学,重庆,重庆市教育委员会,本科,大学,政法
四川美术学院,重庆,重庆市教育委员会,本科/高职(专科),学院,艺术
重庆航天职业技术学院,重庆,重庆市教育委员会,高职(专科),高等职业技术学校,综合
重庆科技学院,重庆,重庆市教育委员会,本科/高职(专科),学院,工科
重庆理工大学,重庆,重庆市教育委员会,本科/高职(专科),大学,工科
重庆工商大学,重庆,重庆市教育委员会,本科/高职(专科),大学,综合
重庆电力高等专科学校,重庆,重庆市教育委员会,高职(专科),高等专科学校,工科
重庆工业职业技术学院,重庆,重庆市教育委员会,高职(专科),高等职业技术学校,工科
重庆三峡职业学院,重庆,重庆市教育委员会,高职(专科),高等职业技术学校,综合
重庆工贸职业技术学院,重庆,重庆市教育委员会,高职(专科),高等职业技术学校,综合
重庆机电职业技术学院,重庆,重庆市教育委员会,高职(专科),高等职业技术学校,工科
重庆工程学院,重庆,重庆市教育委员会,本科/高职(专科),学院,工科
重庆电子工程职业学院,重庆,重庆市教育委员会,高职(专科),高等职业技术学校,工科
重庆大学城市科技学院,重庆,重庆市教育委员会,本科/高职(专科),独立学院,综合
重庆海联职业技术学院,重庆,重庆市教育委员会,高职(专科),高等职业技术学校,综合
重庆信息技术职业学院,重庆,重庆市教育委员会,高职(专科),高等职业技术学校,工科
重庆传媒职业学院,重庆,重庆市教育委员会,高职(专科),高等职业技术学校,工科
重庆警察学院,重庆,重庆市教育委员会,本科,学院,政法
重庆城市管理职业学院,重庆,重庆市教育委员会,高职(专科),高等职业技术学校,综合
重庆工程职业技术学院,重庆,重庆市教育委员会,高职(专科),高等职业技术学校,工科
重庆房地产职业学院,重庆,重庆市教育委员会,高职(专科),高等职业技术学校,综合
重庆人文科技学院,重庆,重庆市教育委员会,本科/高职(专科),学院,综合
四川外国语大学重庆南方翻译学院,重庆,重庆市教育委员会,本科/高职(专科),独立学院,语言
重庆师范大学涉外商贸学院,重庆,重庆市教育委员会,本科/高职(专科),独立学院,财经
重庆工商大学融智学院,重庆,重庆市教育委员会,本科,独立学院,财经
重庆工商大学派斯学院,重庆,重庆市教育委员会,本科/高职(专科),独立学院,财经
重庆邮电大学移通学院,重庆,重庆市教育委员会,本科/高职(专科),独立学院,工科
重庆城市职业学院,重庆,重庆市教育委员会,高职(专科),高等职业技术学校,综合
重庆水利电力职业技术学院,重庆,重庆市教育委员会,高职(专科),高等职业技术学校,工科
重庆工商职业学院,重庆,重庆市教育委员会,高职(专科),高等职业技术学校,综合
重庆应用技术职业学院,重庆,重庆市教育委员会,高职(专科),高等职业技术学校,综合
重庆三峡医药高等专科学校,重庆,重庆市教育委员会,高职(专科),高等专科学校,医药
重庆医药高等专科学校,重庆,重庆市教育委员会,高职(专科),高等专科学校,医药
重庆青年职业技术学院,重庆,重庆市教育委员会,高职(专科),高等职业技术学校,综合
重庆财经职业学院,重庆,重庆市教育委员会,高职(专科),高等职业技术学校,财经
重庆科创职业学院,重庆,重庆市教育委员会,高职(专科),高等职业技术学校,工科
重庆建筑工程职业学院,重庆,重庆市教育委员会,高职(专科),高等职业技术学校,工科
重庆电讯职业学院,重庆,重庆市教育委员会,高职(专科),高等职业技术学校,工科
重庆能源职业学院,重庆,重庆市教育委员会,高职(专科),高等职业技术学校,综合
重庆商务职业学院,重庆,重庆市教育委员会,高职(专科),高等职业技术学校,综合
重庆交通职业学院,重庆,重庆市教育委员会,高职(专科),高等职业技术学校,工科
重庆化工职业学院,重庆,重庆市教育委员会,高职(专科),高等职业技术学校,综合
重庆旅游职业学院,重庆,重庆市教育委员会,高职(专科),高等职业技术学校,综合
重庆安全技术职业学院,重庆,重庆市教育委员会,高职(专科),高等职业技术学校,工科
重庆公共运输职业学院,重庆,重庆市教育委员会,高职(专科),高等专科学校,工科
重庆艺术工程职业学院,重庆,重庆市教育委员会,高职(专科),高等专科学校,艺术
重庆轻工职业学院,重庆,重庆市教育委员会,高职(专科),高等专科学校,工科
重庆电信职业学院,重庆,重庆市教育委员会,高职(专科),高等专科学校,工科
重庆经贸职业学院,重庆,重庆市教育委员会,高职(专科),高等专科学校,财经
重庆第二师范学院,重庆,重庆市教育委员会,本科,学院,师范
重庆幼儿师范高等专科学校,重庆,重庆市教育委员会,高职(专科),高等专科学校,师范
重庆文化艺术职业学院,重庆,重庆市教育委员会,高职(专科),学院,艺术
重庆服装工程职业学院,重庆,重庆市教育委员会,高职(专科),学院,综合
西南大学(荣昌校区) 211,重庆,教育部,本科,高等学校分校,综合
四川大学 985 211 研,四川,教育部,本科,大学,综合
西南交通大学 211 研,四川,教育部,本科,大学,工科
电子科技大学 985 211 研,四川,教育部,本科,大学,工科
西南石油大学,四川,四川省教育厅,本科/高职(专科),大学,工科
成都理工大学,四川,四川省教育厅,本科/高职(专科),学院,工科
西南科技大学,四川,四川省教育厅,本科/高职(专科),大学,工科
成都信息工程大学,四川,四川省教育厅,本科/高职(专科),学院,工科
四川理工学院,四川,四川省教育厅,本科/高职(专科),学院,工科
西华大学,四川,四川省教育厅,本科/高职(专科),大学,综合
中国民用航空飞行学院,四川,中国民用航空总局,本科/高职(专科),学院,工科
四川农业大学 211,四川,四川省教育厅,本科/高职(专科),大学,农业
西昌学院,四川,四川省教育厅,本科/高职(专科),学院,综合
四川医科大学,四川,四川省教育厅,本科/高职(专科),学院,医药
成都中医药大学,四川,四川省教育厅,本科/高职(专科),大学,医药
川北医学院,四川,四川省教育厅,本科/高职(专科),学院,医药
四川师范大学,四川,四川省教育厅,本科/高职(专科),大学,师范
西华师范大学,四川,四川省教育厅,本科/高职(专科),大学,师范
绵阳师范学院,四川,四川省教育厅,本科/高职(专科),学院,师范
内江师范学院,四川,四川省教育厅,本科/高职(专科),学院,师范
宜宾学院,四川,四川省教育厅,本科/高职(专科),学院,综合
四川文理学院,四川,四川省教育厅,本科/高职(专科),学院,综合
阿坝师范学院,四川,四川省教育厅,高职(专科),高等专科学校,师范
乐山师范学院,四川,四川省教育厅,本科/高职(专科),学院,师范
西南财经大学 211,四川,教育部,本科,大学,财经
成都体育学院,四川,四川省教育厅,本科,学院,体育
四川音乐学院,四川,四川省教育厅,本科/高职(专科),学院,艺术
西南民族大学,四川,国家民族事务委员会,本科/高职(专科),大学,民族
成都学院,四川,四川省教育厅,本科/高职(专科),学院,综合
成都工业学院,四川,四川省教育厅,本科,学院,工科
攀枝花学院,四川,四川省教育厅,本科/高职(专科),学院,综合
四川旅游学院,四川,四川省教育厅,本科/高职(专科),学院,综合
成都纺织高等专科学校,四川,四川省教育厅,高职(专科),高等专科学校,工科
四川民族学院,四川,四川省教育厅,本科/高职(专科),学院,师范
民办四川天一学院,四川,四川省教育厅,高职(专科),高等专科学校,财经
四川警察学院,四川,四川省教育厅,本科/高职(专科),学院,政法
成都航空职业技术学院,四川,四川省教育厅,高职(专科),高等职业技术学校,综合
四川电力职业技术学院,四川,四川省教育厅,高职(专科),高等职业技术学校,工科
成都职业技术学院,四川,四川省教育厅,高职(专科),高等职业技术学校,综合
成都东软学院,四川,四川省教育厅,本科,学院,工科
四川化工职业技术学院,四川,四川省教育厅,高职(专科),高等职业技术学校,工科
四川水利职业技术学院,四川,四川省教育厅,高职(专科),高等职业技术学校,工科
南充职业技术学院,四川,四川省教育厅,高职(专科),高等职业技术学校,综合
内江职业技术学院,四川,四川省教育厅,高职(专科),高等职业技术学校,综合
四川航天职业技术学院,四川,四川省教育厅,高职(专科),高等职业技术学校,工科
四川邮电职业技术学院,四川,四川省教育厅,高职(专科),高等职业技术学校,工科
四川机电职业技术学院,四川,四川省教育厅,高职(专科),高等职业技术学校,工科
绵阳职业技术学院,四川,四川省教育厅,高职(专科),高等职业技术学校,工科
四川交通职业技术学院,四川,四川省教育厅,高职(专科),高等职业技术学校,工科
四川工商职业技术学院,四川,四川省教育厅,高职(专科),高等职业技术学校,工科
四川工程职业技术学院,四川,四川省教育厅,高职(专科),高等职业技术学校,工科
四川建筑职业技术学院,四川,四川省教育厅,高职(专科),高等职业技术学校,工科
达州职业技术学院,四川,四川省教育厅,高职(专科),高等职业技术学校,综合
四川托普信息技术职业学院,四川,四川省教育厅,高职(专科),高等职业技术学校,工科
四川国际标榜职业学院,四川,四川省教育厅,高职(专科),高等职业技术学校,艺术
成都农业科技职业学院,四川,四川省教育厅,高职(专科),高等职业技术学校,农业
宜宾职业技术学院,四川,四川省教育厅,高职(专科),高等职业技术学校,综合
泸州职业技术学院,四川,四川省教育厅,高职(专科),高等职业技术学校,综合
眉山职业技术学院,四川,四川省教育厅,高职(专科),高等职业技术学校,综合
成都艺术职业学院,四川,四川省教育厅,高职(专科),高等职业技术学校,艺术
四川职业技术学院,四川,四川省教育厅,高职(专科),高等职业技术学校,综合
乐山职业技术学院,四川,四川省教育厅,高职(专科),高等职业技术学校,综合
雅安职业技术学院,四川,四川省教育厅,高职(专科),高等职业技术学校,综合
电子科技大学成都学院,四川,四川省教育厅,本科/高职(专科),独立学院,工科
成都理工大学工程技术学院,四川,四川省教育厅,本科/高职(专科),独立学院,工科
四川传媒学院,四川,四川省教育厅,本科/高职(专科),学院,艺术
成都信息工程学院银杏酒店管理学院,四川,四川省教育厅,本科/高职(专科),独立学院,财经
成都文理学院,四川,四川省教育厅,本科/高职(专科),独立学院,师范
四川工商学院,四川,四川省教育厅,本科/高职(专科),独立学院,工科
四川外国语大学成都学院,四川,四川省教育厅,本科/高职(专科),独立学院,语言
成都医学院,四川,四川省教育厅,本科/高职(专科),大学,医药
四川商务职业学院,四川,四川省教育厅,高职(专科),高等职业技术学校,财经
四川司法警官职业学院,四川,四川省教育厅,高职(专科),高等职业技术学校,政法
广安职业技术学院,四川,四川省教育厅,高职(专科),高等职业技术学校,师范
四川信息职业技术学院,四川,四川省教育厅,高职(专科),高等职业技术学校,工科
四川工业科技学院,四川,四川省教育厅,高职(专科),高等职业技术学校,综合
四川大学锦城学院,四川,四川省教育厅,本科,独立学院,综合
四川文化传媒职业学院,四川,四川省教育厅,高职(专科),高等职业技术学校,艺术
四川华新现代职业学院,四川,四川省教育厅,高职(专科),高等职业技术学校,综合
四川管理职业学院,四川,四川省教育厅,高职(专科),高等职业技术学校,综合
四川艺术职业学院,四川,四川省教育厅,高职(专科),高等职业技术学校,艺术
四川中医药高等专科学校,四川,四川省教育厅,高职(专科),高等专科学校,医药
西南财经大学天府学院,四川,四川省教育厅,本科/高职(专科),独立学院,财经
四川大学锦江学院,四川,四川省教育厅,本科,独立学院,综合
四川文化艺术学院,四川,四川省教育厅,本科,学院,艺术
西南科技大学城市学院,四川,四川省教育厅,本科/高职(专科),独立学院,工科
四川科技职业学院,四川,四川省教育厅,高职(专科),高等职业技术学校,工科
四川文化产业职业学院,四川,四川省教育厅,高职(专科),高等职业技术学校,综合
四川财经职业学院,四川,四川省教育厅,高职(专科),高等职业技术学校,财经
四川城市职业学院,四川,四川省教育厅,高职(专科),高等职业技术学校,工科
四川现代职业学院,四川,四川省教育厅,高职(专科),高等职业技术学校,工科
四川幼儿师范高等专科学校,四川,四川省教育厅,高职(专科),高等专科学校,师范
西南交通大学希望学院,四川,四川省教育厅,本科,独立学院,综合
四川长江职业学院,四川,四川省教育厅,高职(专科),高等职业技术学校,工科
四川三河职业学院,四川,四川省教育厅,高职(专科),高等职业技术学校,综合
成都师范学院,四川,四川省教育厅,本科,学院,师范
川北幼儿师范高等专科学校,四川,四川省教育厅,高职(专科),高等专科学校,师范
四川卫生康复职业学院,四川,四川省教育厅,高职(专科),高等职业技术学校,医药
四川电影电视学院,四川,四川省教育厅,本科/高职(专科),学院,艺术
四川汽车职业技术学院,四川,四川省教育厅,高职(专科),高等职业技术学校,工科
巴中职业技术学院,四川,四川省教育厅,高职(专科),学院,综合
四川希望汽车职业学院,四川,四川省教育厅,高职(专科),学院,工科
四川电子机械职业技术学院,四川,四川省教育厅,高职(专科),学院,工科
四川文轩职业学院,四川,四川省教育厅,高职(专科),学院,综合
川南幼儿师范高等专科学校,四川,四川省教育厅,高职(专科),高等专科学校,师范
四川护理职业学院,四川,四川省教育厅,高职(专科),学院,医药
成都工业职业技术学院,四川,四川省教育厅,高职(专科),学院,工科
四川西南航空职业学院,四川,四川省教育厅,高职(专科),学院,艺术
成都工贸职业技术学院,四川,四川省教育厅,高职(专科),高等职业技术学校,工科
四川应用技术职业学院,四川,四川省教育厅,高职(专科),高等职业技术学校,综合
电子科技大学(沙河校区) 985 211 研,四川,教育部,本科,高等学校分校,工科
中国工程物理研究院职工工学院,四川,四川省教育厅,高职(专科),成人高等学校,工科
贵州大学 211,贵州,贵州省教育厅,本科/高职(专科),大学,综合
贵州医科大学,贵州,贵州省教育厅,本科/高职(专科),学院,医药
遵义医学院,贵州,贵州省教育厅,本科/高职(专科),学院,医药
贵阳中医学院,贵州,贵州省教育厅,本科/高职(专科),学院,医药
贵州师范大学,贵州,贵州省教育厅,本科/高职(专科),大学,师范
遵义师范学院,贵州,贵州省教育厅,本科/高职(专科),学院,师范
铜仁学院,贵州,贵州省教育厅,本科/高职(专科),学院,综合
兴义民族师范学院,贵州,贵州省教育厅,本科/高职(专科),学院,师范
安顺学院,贵州,贵州省教育厅,本科/高职(专科),学院,综合
贵州工程应用技术学院,贵州,贵州省教育厅,本科/高职(专科),学院,师范
凯里学院,贵州,贵州省教育厅,本科/高职(专科),学院,综合
黔南民族师范学院,贵州,贵州省教育厅,本科/高职(专科),学院,师范
贵州财经大学,贵州,贵州省教育厅,本科/高职(专科),学院,财经
贵州民族大学,贵州,贵州省教育厅,本科/高职(专科),学院,民族
贵阳学院,贵州,贵州省教育厅,本科/高职(专科),学院,综合
六盘水师范学院,贵州,贵州省教育厅,本科/高职(专科),学院,师范
黔南民族医学高等专科学校,贵州,贵州省教育厅,高职(专科),高等专科学校,医药
贵州商学院,贵州,贵州省教育厅,高职(专科),高等专科学校,财经
贵州警官职业学院,贵州,贵州省教育厅,高职(专科),高等职业技术学校,政法
贵州交通职业技术学院,贵州,贵州省教育厅,高职(专科),高等职业技术学校,工科
贵州航天职业技术学院,贵州,贵州省教育厅,高职(专科),高等职业技术学校,工科
贵州电子信息职业技术学院,贵州,贵州省教育厅,高职(专科),高等职业技术学校,工科
安顺职业技术学院,贵州,贵州省教育厅,高职(专科),高等职业技术学校,综合
黔东南民族职业技术学院,贵州,贵州省教育厅,高职(专科),高等职业技术学校,综合
黔南民族职业技术学院,贵州,贵州省教育厅,高职(专科),高等职业技术学校,综合
遵义职业技术学院,贵州,贵州省教育厅,高职(专科),高等职业技术学校,综合
贵州城市职业学院,贵州,贵州省教育厅,高职(专科),高等职业技术学校,综合
贵州工业职业技术学院,贵州,贵州省教育厅,高职(专科),高等职业技术学校,工科
贵州电力职业技术学院,贵州,贵州省教育厅,高职(专科),高等职业技术学校,工科
六盘水职业技术学院,贵州,贵州省教育厅,高职(专科),高等职业技术学校,综合
铜仁职业技术学院,贵州,贵州省教育厅,高职(专科),高等职业技术学校,综合
贵阳中医学院时珍学院,贵州,贵州省教育厅,本科,独立学院,医药
贵州财经大学商务学院,贵州,贵州省教育厅,本科,独立学院,财经
贵州大学科技学院,贵州,贵州省教育厅,本科,独立学院,综合
贵州大学明德学院,贵州,贵州省教育厅,本科,独立学院,综合
贵州民族大学人文科技学院,贵州,贵州省教育厅,本科,独立学院,民族
贵州师范大学求是学院,贵州,贵州省教育厅,本科,独立学院,师范
遵义医学院医学与科技学院,贵州,贵州省教育厅,本科,独立学院,医药
贵州医科大学神奇民族医药学院,贵州,贵州省教育厅,本科,独立学院,医药
黔西南民族职业技术学院,贵州,贵州省教育厅,高职(专科),高等职业技术学校,综合
贵州轻工职业技术学院,贵州,贵州省教育厅,高职(专科),高等职业技术学校,工科
遵义医药高等专科学校,贵州,贵州省教育厅,高职(专科),高等专科学校,医药
贵阳护理职业学院,贵州,贵州省教育厅,高职(专科),高等职业技术学校,医药
贵阳职业技术学院,贵州,贵州省教育厅,高职(专科),高等职业技术学校,工科
毕节职业技术学院,贵州,贵州省教育厅,高职(专科),高等职业技术学校,工科
贵州师范学院,贵州,贵州省教育厅,本科/高职(专科),学院,师范
贵州职业技术学院,贵州,贵州省教育厅,高职(专科),高等职业技术学校,综合
贵州盛华职业学院,贵州,贵州省教育厅,高职(专科),高等职业技术学校,综合
贵州工商职业学院,贵州,贵州省教育厅,高职(专科),高等职业技术学校,财经
贵州理工学院,贵州,贵州省教育厅,本科,学院,工科
贵阳幼儿师范高等专科学校,贵州,贵州省教育厅,高职(专科),高等专科学校,师范
铜仁幼儿师范高等专科学校,贵州,贵州省教育厅,高职(专科),高等专科学校,师范
黔南民族幼儿师范高等专科学校,贵州,贵州省教育厅,高职(专科),高等专科学校,师范
毕节医学高等专科学校,贵州,贵州省教育厅,高职(专科),高等专科学校,医药
贵州建设职业技术学院,贵州,贵州省教育厅,高职(专科),学院,工科
毕节幼儿师范高等专科学校,贵州,贵州省教育厅,高职(专科),高等专科学校,师范
贵州农业职业学院,贵州,贵州省教育厅,高职(专科),高等职业技术学校,农业
贵州工贸职业学院,贵州,贵州省教育厅,高职(专科),高等职业技术学校,综合
云南大学 211,云南,云南省教育厅,本科,大学,综合
昆明理工大学,云南,云南省教育厅,本科/高职(专科),大学,工科
云南农业大学,云南,云南省教育厅,本科/高职(专科),大学,农业
西南林业大学,云南,云南省教育厅,本科,大学,林业
昆明医科大学,云南,云南省教育厅,本科,学院,医药
大理大学,云南,云南省教育厅,本科/高职(专科),学院,综合
云南中医学院,云南,云南省教育厅,本科/高职(专科),学院,医药
云南师范大学,云南,云南省教育厅,本科/高职(专科),大学,师范
昭通学院,云南,云南省教育厅,本科,学院,师范
曲靖师范学院,云南,云南省教育厅,本科/高职(专科),学院,师范
普洱学院,云南,云南省教育厅,本科/高职(专科),学院,师范
保山学院,云南,云南省教育厅,本科/高职(专科),学院,师范
红河学院,云南,云南省教育厅,本科,学院,综合
云南财经大学,云南,云南省教育厅,本科/高职(专科),大学,财经
云南艺术学院,云南,云南省教育厅,本科/高职(专科),学院,艺术
云南民族大学,云南,云南省教育厅,本科/高职(专科),大学,民族
玉溪师范学院,云南,云南省教育厅,本科/高职(专科),学院,师范
楚雄师范学院,云南,云南省教育厅,本科/高职(专科),学院,师范
云南警官学院,云南,云南省教育厅,本科,学院,政法
昆明学院,云南,云南省教育厅,本科/高职(专科),学院,综合
文山学院,云南,云南省教育厅,本科/高职(专科),学院,师范
昆明冶金高等专科学校,云南,云南省教育厅,高职(专科),高等专科学校,工科
云南国土资源职业学院,云南,云南省教育厅,高职(专科),高等职业技术学校,工科
云南交通职业技术学院,云南,云南省教育厅,高职(专科),高等职业技术学校,工科
昆明工业职业技术学院,云南,云南省教育厅,高职(专科),高等职业技术学校,工科
云南农业职业技术学院,云南,云南省教育厅,高职(专科),高等职业技术学校,农业
云南司法警官职业学院,云南,云南省教育厅,高职(专科),高等职业技术学校,政法
云南文化艺术职业学院,云南,云南省教育厅,高职(专科),高等职业技术学校,艺术
云南体育运动职业技术学院,云南,云南省教育厅,高职(专科),高等职业技术学校,体育
云南经济管理学院,云南,云南省教育厅,高职(专科),高等职业技术学校,财经
云南科技信息职业学院,云南,云南省教育厅,高职(专科),高等职业技术学校,工科
西双版纳职业技术学院,云南,云南省教育厅,高职(专科),高等职业技术学校,综合
昆明艺术职业学院,云南,云南省教育厅,高职(专科),高等职业技术学校,艺术
玉溪农业职业技术学院,云南,云南省教育厅,高职(专科),高等职业技术学校,农业
云南能源职业技术学院,云南,云南省教育厅,高职(专科),高等职业技术学校,工科
云南大学滇池学院,云南,云南省教育厅,本科,独立学院,综合
云南大学旅游文化学院,云南,云南省教育厅,本科,独立学院,综合
云南师范大学商学院,云南,云南省教育厅,本科,独立学院,综合
昆明医科大学海源学院,云南,云南省教育厅,本科,独立学院,医药
云南艺术学院文华学院,云南,云南省教育厅,本科,独立学院,艺术
云南师范大学文理学院,云南,云南省教育厅,本科,独立学院,工科
昆明理工大学津桥学院,云南,云南省教育厅,本科,独立学院,工科
云南国防工业职业技术学院,云南,云南省教育厅,高职(专科),高等职业技术学校,工科
云南机电职业技术学院,云南,云南省教育厅,高职(专科),高等职业技术学校,工科
云南林业职业技术学院,云南,云南省教育厅,高职(专科),高等职业技术学校,林业
云南城市建设职业学院,云南,云南省教育厅,高职(专科),高等职业技术学校,综合
云南工程职业学院,云南,云南省教育厅,高职(专科),高等职业技术学校,综合
云南工商学院,云南,云南省教育厅,本科/高职(专科),学院,综合
曲靖医学高等专科学校,云南,云南省教育厅,高职(专科),高等专科学校,医药
楚雄医药高等专科学校,云南,云南省教育厅,高职(专科),高等专科学校,医药
保山中医药高等专科学校,云南,云南省教育厅,高职(专科),高等专科学校,医药
丽江师范高等专科学校,云南,云南省教育厅,高职(专科),高等专科学校,师范
德宏师范高等专科学校,云南,云南省教育厅,高职(专科),高等专科学校,师范
云南新兴职业学院,云南,云南省教育厅,高职(专科),高等职业技术学校,综合
滇西科技师范学院,云南,云南省教育厅,高职(专科),高等专科学校,师范
云南锡业职业技术学院,云南,云南省教育厅,高职(专科),高等职业技术学校,工科
云南经贸外事职业学院,云南,云南省教育厅,高职(专科),高等职业技术学校,财经
云南三鑫职业技术学院,云南,云南省教育厅,高职(专科),高等职业技术学校,综合
德宏职业学院,云南,云南省教育厅,高职(专科),高等职业技术学校,综合
云南商务职业学院,云南,云南省教育厅,高职(专科),高等职业技术学校,财经
昆明卫生职业学院,云南,云南省教育厅,高职(专科),高等专科学校,医药
云南现代职业技术学院,云南,云南省教育厅,高职(专科),学院,工科
云南旅游职业学院,云南,云南省教育厅,高职(专科),高等职业技术学校,财经
红河卫生职业学院,云南,云南省教育厅,高职(专科),学院,医药
云南外事外语职业学院,云南,云南省教育厅,高职(专科),高等职业技术学校,语言
大理农林职业技术学院,云南,云南省教育厅,高职(专科),学院,林业
西藏大学 211,西藏,西藏自治区教育厅,本科/高职(专科),大学,综合
西藏民族大学,西藏,西藏自治区教育厅,本科/高职(专科),学院,民族
西藏藏医学院,西藏,西藏自治区教育厅,本科/高职(专科),学院,医药
拉萨师范高等专科学校,西藏,西藏自治区教育厅,高职(专科),高等专科学校,师范
西藏职业技术学院,西藏,西藏自治区教育厅,高职(专科),高等职业技术学校,工科
西北大学 211,陕西,陕西省教育厅,本科/高职(专科),大学,综合
西安交通大学 985 211 研,陕西,教育部,本科,大学,综合
西北工业大学 985 211 研,陕西,工业和信息化部,本科,大学,工科
西安理工大学,陕西,陕西省教育厅,本科/高职(专科),大学,工科
西安电子科技大学 211 研,陕西,教育部,本科,大学,工科
西安工业大学,陕西,陕西省教育厅,本科/高职(专科),大学,工科
西安建筑科技大学,陕西,陕西省教育厅,本科,大学,工科
西安科技大学,陕西,陕西省教育厅,本科/高职(专科),大学,工科
西安石油大学,陕西,陕西省教育厅,本科/高职(专科),大学,工科
陕西科技大学,陕西,陕西省教育厅,本科/高职(专科),大学,工科
西安工程大学,陕西,陕西省教育厅,本科/高职(专科),大学,工科
长安大学 211,陕西,教育部,本科,大学,工科
西北农林科技大学 985 211 研,陕西,教育部,本科,大学,农业
陕西中医药大学,陕西,陕西省教育厅,本科/高职(专科),学院,医药
陕西师范大学 211,陕西,教育部,本科,大学,师范
延安大学,陕西,陕西省教育厅,本科/高职(专科),大学,综合
陕西理工学院,陕西,陕西省教育厅,本科/高职(专科),学院,工科
宝鸡文理学院,陕西,陕西省教育厅,本科/高职(专科),学院,师范
咸阳师范学院,陕西,陕西省教育厅,本科/高职(专科),学院,师范
渭南师范学院,陕西,陕西省教育厅,本科/高职(专科),学院,师范
西安外国语大学,陕西,陕西省教育厅,本科/高职(专科),大学,语言
西北政法大学,陕西,陕西省教育厅,本科/高职(专科),大学,政法
西安体育学院,陕西,陕西省教育厅,本科,学院,体育
西安音乐学院,陕西,陕西省教育厅,本科,学院,艺术
西安美术学院,陕西,陕西省教育厅,本科/高职(专科),学院,艺术
陕西工业职业技术学院,陕西,陕西省教育厅,高职(专科),高等职业技术学校,工科
杨凌职业技术学院,陕西,陕西省教育厅,高职(专科),高等职业技术学校,农业
西安文理学院,陕西,陕西省教育厅,本科/高职(专科),学院,师范
榆林学院,陕西,陕西省教育厅,本科/高职(专科),学院,师范
商洛学院,陕西,陕西省教育厅,本科/高职(专科),学院,综合
安康学院,陕西,陕西省教育厅,本科/高职(专科),学院,综合
西安培华学院,陕西,陕西省教育厅,本科/高职(专科),学院,财经
西安财经学院,陕西,陕西省教育厅,本科/高职(专科),学院,财经
西安邮电大学,陕西,陕西省教育厅,本科/高职(专科),大学,工科
西安航空学院,陕西,陕西省教育厅,本科/高职(专科),学院,工科
西安电力高等专科学校,陕西,陕西省教育厅,高职(专科),高等专科学校,工科
西安医学院,陕西,陕西省教育厅,本科/高职(专科),学院,医药
陕西能源职业技术学院,陕西,陕西省教育厅,高职(专科),高等职业技术学校,工科
西安欧亚学院,陕西,陕西省教育厅,本科/高职(专科),学院,财经
西安外事学院,陕西,陕西省教育厅,本科/高职(专科),学院,财经
西安翻译学院,陕西,陕西省教育厅,本科/高职(专科),学院,语言
西京学院,陕西,陕西省教育厅,本科/高职(专科),学院,工科
陕西国防工业职业技术学院,陕西,陕西省教育厅,高职(专科),高等职业技术学校,工科
西安航空职业技术学院,陕西,陕西省教育厅,高职(专科),高等职业技术学校,工科
陕西财经职业技术学院,陕西,陕西省教育厅,高职(专科),高等职业技术学校,财经
陕西交通职业技术学院,陕西,陕西省教育厅,高职(专科),高等职业技术学校,工科
陕西职业技术学院,陕西,陕西省教育厅,高职(专科),高等职业技术学校,财经
西安思源学院,陕西,陕西省教育厅,本科/高职(专科),学院,工科
西安高新科技职业学院,陕西,陕西省教育厅,高职(专科),高等职业技术学校,工科
陕西国际商贸学院,陕西,陕西省教育厅,本科/高职(专科),学院,财经
西安城市建设职业学院,陕西,陕西省教育厅,高职(专科),高等职业技术学校,工科
陕西服装工程学院,陕西,陕西省教育厅,本科/高职(专科),高等职业技术学校,工科
陕西铁路工程职业技术学院,陕西,陕西省教育厅,高职(专科),高等职业技术学校,工科
宝鸡职业技术学院,陕西,陕西省教育厅,高职(专科),高等职业技术学校,师范
陕西航空职业技术学院,陕西,陕西省教育厅,高职(专科),高等职业技术学校,工科
西安交通工程学院,陕西,陕西省教育厅,本科,学院,工科
陕西电子信息职业技术学院,陕西,陕西省教育厅,高职(专科),高等职业技术学校,工科
西安交通大学城市学院,陕西,陕西省教育厅,本科,独立学院,工科
西北大学现代学院,陕西,陕西省教育厅,本科,独立学院,工科
西安建筑科技大学华清学院,陕西,陕西省教育厅,本科,独立学院,工科
西安财经学院行知学院,陕西,陕西省教育厅,本科,独立学院,财经
陕西科技大学镐京学院,陕西,陕西省教育厅,本科,独立学院,工科
西安工业大学北方信息工程学院,陕西,陕西省教育厅,本科,独立学院,工科
延安大学西安创新学院,陕西,陕西省教育厅,本科,独立学院,综合
陕西邮电职业技术学院,陕西,陕西省教育厅,高职(专科),高等职业技术学校,工科
西安海棠职业学院,陕西,陕西省教育厅,高职(专科),高等职业技术学校,工科
西安汽车科技职业学院,陕西,陕西省教育厅,高职(专科),高等职业技术学校,工科
西安东方亚太职业技术学院,陕西,陕西省教育厅,高职(专科),高等职业技术学校,工科
陕西警官职业学院,陕西,陕西省教育厅,高职(专科),高等职业技术学校,政法
西北工业大学明德学院,陕西,陕西省教育厅,本科,独立学院,综合
陕西经济管理职业技术学院,陕西,陕西省教育厅,高职(专科),高等职业技术学校,财经
西安铁路职业技术学院,陕西,陕西省教育厅,高职(专科),高等职业技术学校,工科
咸阳职业技术学院,陕西,陕西省教育厅,高职(专科),高等职业技术学校,综合
西安职业技术学院,陕西,陕西省教育厅,高职(专科),高等职业技术学校,综合
商洛职业技术学院,陕西,陕西省教育厅,高职(专科),高等职业技术学校,综合
汉中职业技术学院,陕西,陕西省教育厅,高职(专科),高等职业技术学校,综合
延安职业技术学院,陕西,陕西省教育厅,高职(专科),高等职业技术学校,综合
渭南职业技术学院,陕西,陕西省教育厅,高职(专科),高等职业技术学校,综合
安康职业技术学院,陕西,陕西省教育厅,高职(专科),高等职业技术学校,综合
铜川职业技术学院,陕西,陕西省教育厅,高职(专科),高等职业技术学校,综合
陕西青年职业学院,陕西,陕西省教育厅,高职(专科),高等职业技术学校,综合
陕西工商职业学院,陕西,陕西省教育厅,高职(专科),高等职业技术学校,工科
陕西电子科技职业学院,陕西,陕西省教育厅,高职(专科),高等职业技术学校,工科
陕西旅游烹饪职业学院,陕西,陕西省教育厅,高职(专科),高等职业技术学校,综合
长安大学兴华学院,陕西,陕西省教育厅,本科,独立学院,工科
西安理工大学高科学院,陕西,陕西省教育厅,本科,独立学院,工科
西安科技大学高新学院,陕西,陕西省教育厅,本科/高职(专科),独立学院,工科
西安医学高等专科学校,陕西,陕西省教育厅,高职(专科),高等专科学校,医药
榆林职业技术学院,陕西,陕西省教育厅,高职(专科),高等职业技术学校,工科
陕西学前师范学院,陕西,陕西省教育厅,本科,学院,师范
陕西艺术职业学院,陕西,陕西省教育厅,高职(专科),学院,艺术
陕西航天职工大学,陕西,陕西省教育厅,高职(专科),成人高等学校,工科
西安航空职工大学,陕西,陕西省教育厅,高职(专科),成人高等学校,工科
西安飞机工业公司职工工学院,陕西,陕西省教育厅,高职(专科),成人高等学校,工科
西安铁路工程职工大学,陕西,陕西省教育厅,高职(专科),成人高等学校,工科
西安电力机械制造公司机电学院,陕西,陕西省教育厅,高职(专科),成人高等学校,工科
陕西省建筑工程总公司职工大学,陕西,陕西省教育厅,高职(专科),成人高等学校,工科
陕西工运学院,陕西,陕西省教育厅,高职(专科),成人高等学校,工科
兰州大学 985 211 研,甘肃,教育部,本科,大学,综合
兰州理工大学,甘肃,甘肃省教育厅,本科/高职(专科),大学,工科
兰州交通大学,甘肃,甘肃省教育厅,本科/高职(专科),大学,工科
甘肃农业大学,甘肃,甘肃省教育厅,本科,大学,农业
甘肃中医药大学,甘肃,甘肃省教育厅,本科,学院,医药
西北师范大学,甘肃,甘肃省教育厅,本科,大学,师范
兰州城市学院,甘肃,甘肃省教育厅,本科/高职(专科),学院,综合
陇东学院,甘肃,甘肃省教育厅,本科,学院,师范
河西学院,甘肃,甘肃省教育厅,本科/高职(专科),学院,综合
兰州财经大学,甘肃,甘肃省教育厅,本科,学院,财经
西北民族大学,甘肃,国家民族事务委员会,本科,大学,民族
兰州石化职业技术学院,甘肃,甘肃省教育厅,高职(专科),高等职业技术学校,工科
甘肃政法学院,甘肃,甘肃省教育厅,本科,学院,政法
甘肃民族师范学院,甘肃,甘肃省教育厅,本科/高职(专科),学院,师范
兰州文理学院,甘肃,甘肃省教育厅,本科/高职(专科),学院,综合
甘肃医学院,甘肃,甘肃省教育厅,高职(专科),高等专科学校,医药
陇南师范高等专科学校,甘肃,甘肃省教育厅,高职(专科),高等专科学校,师范
兰州工业学院,甘肃,甘肃省教育厅,本科/高职(专科),学院,工科
定西师范高等专科学校,甘肃,甘肃省教育厅,高职(专科),高等专科学校,师范
甘肃建筑职业技术学院,甘肃,甘肃省教育厅,高职(专科),高等职业技术学校,工科
酒泉职业技术学院,甘肃,甘肃省教育厅,高职(专科),高等职业技术学校,综合
兰州外语职业学院,甘肃,甘肃省教育厅,高职(专科),高等职业技术学校,综合
兰州职业技术学院,甘肃,甘肃省教育厅,高职(专科),高等职业技术学校,综合
甘肃警察职业学院,甘肃,甘肃省教育厅,高职(专科),高等职业技术学校,政法
甘肃林业职业技术学院,甘肃,甘肃省教育厅,高职(专科),高等职业技术学校,林业
甘肃工业职业技术学院,甘肃,甘肃省教育厅,高职(专科),高等职业技术学校,工科
西北师范大学知行学院,甘肃,甘肃省教育厅,本科,独立学院,师范
兰州商学院陇桥学院,甘肃,甘肃省教育厅,本科,独立学院,财经
兰州商学院长青学院,甘肃,甘肃省教育厅,本科,独立学院,财经
兰州交通大学博文学院,甘肃,甘肃省教育厅,本科,独立学院,工科
兰州理工大学技术工程学院,甘肃,甘肃省教育厅,本科,独立学院,工科
武威职业学院,甘肃,甘肃省教育厅,高职(专科),高等职业技术学校,综合
甘肃交通职业技术学院,甘肃,甘肃省教育厅,高职(专科),高等职业技术学校,工科
兰州资源环境职业技术学院,甘肃,甘肃省教育厅,高职(专科),高等职业技术学校,综合
甘肃农业职业技术学院,甘肃,甘肃省教育厅,高职(专科),高等职业技术学校,农业
甘肃畜牧工程职业技术学院,甘肃,甘肃省教育厅,高职(专科),高等职业技术学校,农业
甘肃钢铁职业技术学院,甘肃,甘肃省教育厅,高职(专科),高等职业技术学校,工科
甘肃机电职业技术学院,甘肃,甘肃省教育厅,高职(专科),高等职业技术学校,工科
甘肃有色冶金职业技术学院,甘肃,甘肃省教育厅,高职(专科),高等职业技术学校,工科
白银矿冶职业技术学院,甘肃,甘肃省教育厅,高职(专科),成人高等学校,工科
甘肃卫生职业学院,甘肃,甘肃省教育厅,高职(专科),高等职业技术学校,医药
兰州科技职业学院,甘肃,甘肃省教育厅,高职(专科),高等职业技术学校,综合
兰州航空工业职工大学,甘肃,甘肃省教育厅,高职(专科),成人高等学校,工科
青海大学 211,青海,青海省教育厅,本科/高职(专科),大学,综合
青海师范大学,青海,青海省教育厅,本科/高职(专科),大学,师范
青海民族大学,青海,青海省教育厅,本科/高职(专科),大学,民族
青海卫生职业技术学院,青海,青海省教育厅,高职(专科),高等职业技术学校,医药
青海警官职业学院,青海,青海省教育厅,高职(专科),高等职业技术学校,政法
青海畜牧兽医职业技术学院,青海,青海省教育厅,高职(专科),高等职业技术学校,农业
青海交通职业技术学院,青海,青海省教育厅,高职(专科),高等职业技术学校,工科
青海建筑职业技术学院,青海,青海省教育厅,高职(专科),高等职业技术学校,工科
青海大学昆仑学院,青海,青海省教育厅,本科,独立学院,综合
西宁城市职业技术学院,青海,青海省教育厅,高职(专科),高等职业技术学校,综合
青海高等职业技术学院,青海,青海省教育厅,高职(专科),高等职业技术学校,综合
青海柴达木职业技术学院,青海,青海省教育厅,高职(专科),高等职业技术学校,综合
宁夏大学 211,宁夏,宁夏回族自治区教育厅,本科/高职(专科),大学,综合
宁夏医科大学,宁夏,宁夏回族自治区教育厅,本科/高职(专科),学院,医药
宁夏师范学院,宁夏,宁夏回族自治区教育厅,本科/高职(专科),学院,师范
北方民族大学,宁夏,国家民族事务委员会,本科,大学,民族
宁夏理工学院,宁夏,宁夏回族自治区教育厅,本科/高职(专科),学院,综合
宁夏民族职业技术学院,宁夏,宁夏回族自治区教育厅,高职(专科),高等职业技术学校,师范
宁夏工业职业学院,宁夏,宁夏回族自治区教育厅,高职(专科),高等职业技术学校,工科
宁夏职业技术学院,宁夏,宁夏回族自治区教育厅,高职(专科),高等职业技术学校,综合
宁夏工商职业技术学院,宁夏,宁夏回族自治区教育厅,高职(专科),高等职业技术学校,财经
宁夏财经职业技术学院,宁夏,宁夏回族自治区教育厅,高职(专科),高等职业技术学校,财经
宁夏司法警官职业学院,宁夏,宁夏回族自治区教育厅,高职(专科),高等职业技术学校,政法
宁夏建设职业技术学院,宁夏,宁夏回族自治区教育厅,高职(专科),高等职业技术学校,工科
宁夏大学新华学院,宁夏,宁夏回族自治区教育厅,本科,独立学院,综合
银川能源学院,宁夏,宁夏回族自治区教育厅,本科,学院,工科
中国矿业大学银川学院,宁夏,宁夏回族自治区教育厅,本科,独立学院,综合
宁夏防沙治沙职业技术学院,宁夏,宁夏回族自治区教育厅,高职(专科),高等职业技术学校,工科
宁夏幼儿师范高等专科学校,宁夏,宁夏回族自治区教育厅,高职(专科),高等专科学校,师范
宁夏艺术职业学院,宁夏,宁夏回族自治区教育厅,高职(专科),高等职业技术学校,艺术
新疆大学 211,新疆,新疆维吾尔自治区教育厅,本科/高职(专科),大学,综合
塔里木大学,新疆,新疆生产建设兵团,本科/高职(专科),大学,综合
新疆农业大学,新疆,新疆维吾尔自治区教育厅,本科/高职(专科),大学,农业
石河子大学 211,新疆,新疆生产建设兵团,本科/高职(专科),大学,综合
新疆医科大学,新疆,新疆维吾尔自治区教育厅,本科/高职(专科),大学,医药
新疆师范大学,新疆,新疆维吾尔自治区教育厅,本科/高职(专科),大学,师范
喀什大学,新疆,新疆维吾尔自治区教育厅,本科/高职(专科),学院,师范
伊犁师范学院,新疆,新疆维吾尔自治区教育厅,本科/高职(专科),学院,师范
和田师范专科学校,新疆,新疆维吾尔自治区教育厅,高职(专科),高等专科学校,师范
新疆财经大学,新疆,新疆维吾尔自治区教育厅,本科,大学,财经
新疆艺术学院,新疆,新疆维吾尔自治区教育厅,本科,学院,艺术
新疆工程学院,新疆,新疆维吾尔自治区教育厅,本科/高职(专科),学院,工科
新疆农业职业技术学院,新疆,新疆维吾尔自治区教育厅,高职(专科),高等职业技术学校,农业
昌吉学院,新疆,新疆维吾尔自治区教育厅,本科/高职(专科),学院,师范
乌鲁木齐职业大学,新疆,新疆维吾尔自治区教育厅,高职(专科),短期职业大学,综合
新疆兵团警官高等专科学校,新疆,新疆生产建设兵团,高职(专科),高等专科学校,政法
克拉玛依职业技术学院,新疆,新疆维吾尔自治区教育厅,高职(专科),高等职业技术学校,工科
新疆轻工职业技术学院,新疆,新疆维吾尔自治区教育厅,高职(专科),高等职业技术学校,工科
新疆能源职业技术学院,新疆,新疆维吾尔自治区教育厅,高职(专科),高等职业技术学校,工科
新疆警察学院,新疆,新疆维吾尔自治区教育厅,高职(专科),高等专科学校,政法
昌吉职业技术学院,新疆,新疆维吾尔自治区教育厅,高职(专科),高等职业技术学校,工科
伊犁职业技术学院,新疆,新疆维吾尔自治区教育厅,高职(专科),高等职业技术学校,农业
阿克苏职业技术学院,新疆,新疆维吾尔自治区教育厅,高职(专科),高等职业技术学校,综合
巴音郭楞职业技术学院,新疆,新疆维吾尔自治区教育厅,高职(专科),高等职业技术学校,综合
新疆大学科学技术学院,新疆,新疆维吾尔自治区教育厅,本科,独立学院,综合
新疆农业大学科学技术学院,新疆,新疆维吾尔自治区教育厅,本科,独立学院,农业
新疆医科大学厚博学院,新疆,新疆维吾尔自治区教育厅,本科,独立学院,医药
新疆财经大学商务学院,新疆,新疆维吾尔自治区教育厅,本科,独立学院,财经
新疆建设职业技术学院,新疆,新疆维吾尔自治区教育厅,高职(专科),高等职业技术学校,工科
石河子大学科技学院,新疆,新疆生产建设兵团,本科,独立学院,综合
新疆现代职业技术学院,新疆,新疆维吾尔自治区教育厅,高职(专科),高等职业技术学校,工科
新疆天山职业技术学院,新疆,新疆维吾尔自治区教育厅,高职(专科),高等职业技术学校,工科
新疆交通职业技术学院,新疆,新疆维吾尔自治区教育厅,高职(专科),高等职业技术学校,工科
新疆石河子职业技术学院,新疆,新疆生产建设兵团,高职(专科),高等职业技术学校,综合
新疆职业大学,新疆,新疆维吾尔自治区教育厅,高职(专科),短期职业大学,综合
新疆体育职业技术学院,新疆,新疆维吾尔自治区教育厅,高职(专科),高等职业技术学校,体育
新疆应用职业技术学院,新疆,新疆维吾尔自治区教育厅,高职(专科),高等职业技术学校,工科
新疆师范高等专科学校,新疆,新疆维吾尔自治区教育厅,高职(专科),高等专科学校,师范
新疆铁道职业技术学院,新疆,新疆维吾尔自治区教育厅,高职(专科),学院,工科
新疆生产建设兵团兴新职业技术学院,新疆,新疆生产建设兵团,高职(专科),学院,综合
哈密职业技术学院,新疆,新疆维吾尔自治区教育厅,高职(专科),学院,综合
新疆科技职业技术学院,新疆,新疆维吾尔自治区教育厅,高职(专科),学院,工科
上海公安高等专科学校,上海,上海市教育委员会,高职(专科),高等专科学校,政法
江苏联合职业技术学院,江苏,江苏省教育厅,高职(专科),高等职业技术学校,工科
滁州城市职业学院,安徽,安徽省教育厅,高职(专科),高等职业技术学校,师范
福州科技职业技术学院,福建,福建省教育厅,未知,高等职业技术学校,综合
湘潭大学兴湘学院,湖南,湖南省教育厅,本科,独立学院,综合
长沙职业技术学院,湖南,湖南省教育厅,高职(专科),高等职业技术学校,综合
湖南中医药高等专科学校,湖南,湖南省教育厅,高职(专科),高等专科学校,医药
西藏警官高等专科学校,西藏,西藏自治区教育厅,高职(专科),高等专科学校,政法
天水师范学院,甘肃,甘肃省教育厅,本科,学院,师范
新疆维吾尔医学专科学校,新疆,新疆维吾尔自治区教育厅,高职(专科),高等专科学校,医药
