基础知识,259,0,1,初中语文知识点
汉字,260,259,1,初中语文知识点
词语,261,259,1,初中语文知识点
病句,262,259,1,初中语文知识点
标点符号,263,259,1,初中语文知识点
修辞手法,264,259,1,初中语文知识点
口语交际,265,259,1,初中语文知识点
仿写,266,259,1,初中语文知识点
文学常识,1057,259,1,初中语文知识点
名著,1058,259,1,初中语文知识点
默写,1059,259,1,初中语文知识点
排列语序,1060,259,1,初中语文知识点
综合性学习,1061,259,1,初中语文知识点
阅读,267,0,1,初中语文知识点
文言文阅读,268,267,1,初中语文知识点
说明文阅读,270,267,1,初中语文知识点
议论文阅读,271,267,1,初中语文知识点
记叙文阅读,272,267,1,初中语文知识点
小说阅读,273,267,1,初中语文知识点
古诗词阅读,274,267,1,初中语文知识点
写作,269,0,1,初中语文知识点
写作,275,269,1,初中语文知识点
有理数,45,0,2,初中数学知识点
有理数的相关概念,46,45,2,初中数学知识点
有理数的运算,47,45,2,初中数学知识点
近似数与有效数字、科学记数法,48,45,2,初中数学知识点
实数,49,0,2,初中数学知识点
数的开方,50,49,2,初中数学知识点
实数,51,49,2,初中数学知识点
二次根式,52,0,2,初中数学知识点
二次根式的相关概念,53,52,2,初中数学知识点
二次根式的运算,54,52,2,初中数学知识点
二次根式的应用,55,52,2,初中数学知识点
代数式,56,0,2,初中数学知识点
代数式的相关概念,57,56,2,初中数学知识点
整式,58,0,2,初中数学知识点
整式的运算,59,58,2,初中数学知识点
幂的运算法则,60,58,2,初中数学知识点
分解因式,61,0,2,初中数学知识点
分解因式的概念及方法,62,61,2,初中数学知识点
分式,63,0,2,初中数学知识点
分式的概念及基本性质,64,63,2,初中数学知识点
分式的运算,65,63,2,初中数学知识点
可化为一元一次方程的分式方程,66,63,2,初中数学知识点
一元一次方程,67,0,2,初中数学知识点
等式与方程,68,67,2,初中数学知识点
一元一次方程概念及解法,69,67,2,初中数学知识点
一元一次方程的应用,70,67,2,初中数学知识点
二元一次方程（组）,71,0,2,初中数学知识点
二元一次方程（组）及其解法,72,71,2,初中数学知识点
实际问题与二元一次方程（组）,73,71,2,初中数学知识点
一元二次方程,74,0,2,初中数学知识点
一元二次方程的概念及其解法,75,74,2,初中数学知识点
一元二次方程的应用,76,74,2,初中数学知识点
分式方程和无理方程,77,74,2,初中数学知识点
不等式与不等式组,78,0,2,初中数学知识点
不等式(组),79,78,2,初中数学知识点
一元一次不等式,80,78,2,初中数学知识点
一元一次不等式组,81,78,2,初中数学知识点
一元一次不等式(组)的应用,82,78,2,初中数学知识点
一次函数,83,0,2,初中数学知识点
变量间的关系,84,83,2,初中数学知识点
函数,85,83,2,初中数学知识点
正比例函数,86,83,2,初中数学知识点
一次函数,87,83,2,初中数学知识点
利用一次函数解决实际问题,88,83,2,初中数学知识点
反比例函数,89,0,2,初中数学知识点
反比例函数,90,89,2,初中数学知识点
反比例函数的应用,91,89,2,初中数学知识点
二次函数,92,0,2,初中数学知识点
二次函数,93,92,2,初中数学知识点
二次函数的应用,94,92,2,初中数学知识点
多姿多彩的图形,95,0,2,初中数学知识点
点、线、面、体,96,95,2,初中数学知识点
直线、射线、线段,97,95,2,初中数学知识点
角,98,95,2,初中数学知识点
几何体的展开图及其应用,99,95,2,初中数学知识点
相交线与平行线,100,0,2,初中数学知识点
相交线,101,100,2,初中数学知识点
平行线,102,100,2,初中数学知识点
三角形,103,0,2,初中数学知识点
与三角形有关的线段、角,104,103,2,初中数学知识点
全等三角形,105,103,2,初中数学知识点
等腰三角形与直角三角形,106,103,2,初中数学知识点
勾股定理及其逆定理,107,103,2,初中数学知识点
多边形,109,103,2,初中数学知识点
四边形,108,0,2,初中数学知识点
平行四边形,110,108,2,初中数学知识点
特殊的平行四边形,111,108,2,初中数学知识点
梯形,112,108,2,初中数学知识点
四边形与三角形的综合,4479,108,2,初中数学知识点
圆,113,0,2,初中数学知识点
与圆有关的位置关系,115,113,2,初中数学知识点
圆中的计算问题,117,113,2,初中数学知识点
与圆有关的概念及性质,1113,113,2,初中数学知识点
尺规作图,116,0,2,初中数学知识点
掌握五种基本作图,118,116,2,初中数学知识点
利用基本作图作三角形、圆,119,116,2,初中数学知识点
视图与投影,120,0,2,初中数学知识点
视图,121,120,2,初中数学知识点
投影,122,120,2,初中数学知识点
图形的变换,123,0,2,初中数学知识点
轴对称与中心对称,124,123,2,初中数学知识点
图形的平移与旋转,125,123,2,初中数学知识点
相似,126,0,2,初中数学知识点
图形的相似,127,126,2,初中数学知识点
相似三角形,128,126,2,初中数学知识点
相似图形的应用,129,126,2,初中数学知识点
解直角三角形,130,0,2,初中数学知识点
锐角三角函数,131,130,2,初中数学知识点
解直角三角形,132,130,2,初中数学知识点
探索确定位置的方法,133,0,2,初中数学知识点
探索确定位置的方法,134,133,2,初中数学知识点
坐标方法的简单应用,137,0,2,初中数学知识点
坐标方法的简单应用,138,137,2,初中数学知识点
命题,139,0,2,初中数学知识点
命题,140,139,2,初中数学知识点
推理与证明,141,0,2,初中数学知识点
推理与证明,142,141,2,初中数学知识点
数据与图表,143,0,2,初中数学知识点
数据的收集与整理,144,143,2,初中数学知识点
统计表和统计图,145,143,2,初中数学知识点
数据的代表,146,143,2,初中数学知识点
数据的波动与分布规律,147,143,2,初中数学知识点
统计的简单应用,4470,143,2,初中数学知识点
统计的意义,4485,143,2,初中数学知识点
概率初步,148,0,2,初中数学知识点
简单事件的概率,149,148,2,初中数学知识点
概率的简单应用,150,148,2,初中数学知识点
平面直角坐标系,3293,0,2,初中数学知识点
平面直角坐标系,136,3293,2,初中数学知识点
数学与生活,4445,0,2,初中数学知识点
数学与生活,4446,4445,2,初中数学知识点
反证法,4833,0,2,初中数学知识点
词性,215,0,3,初中英语知识点
名词,216,215,3,初中英语知识点
代词,217,215,3,初中英语知识点
数词,218,215,3,初中英语知识点
介词,219,215,3,初中英语知识点
连词,220,215,3,初中英语知识点
形容词,221,215,3,初中英语知识点
副词,222,215,3,初中英语知识点
冠词,223,215,3,初中英语知识点
动词,224,215,3,初中英语知识点
动词时态,225,0,3,初中英语知识点
一般现在时,226,225,3,初中英语知识点
一般将来时,227,225,3,初中英语知识点
现在完成时,228,225,3,初中英语知识点
现在进行时,229,225,3,初中英语知识点
一般过去时,230,225,3,初中英语知识点
过去进行时,231,225,3,初中英语知识点
过去完成时,232,225,3,初中英语知识点
过去将来时,233,225,3,初中英语知识点
动词语态,234,0,3,初中英语知识点
主动语态和被动语态,235,234,3,初中英语知识点
非谓语动词,236,0,3,初中英语知识点
动名词,237,236,3,初中英语知识点
动词不定式,238,236,3,初中英语知识点
简单句,239,0,3,初中英语知识点
陈述句和疑问句,240,239,3,初中英语知识点
感叹句和祈使句,241,239,3,初中英语知识点
复合句,242,0,3,初中英语知识点
宾语从句,243,242,3,初中英语知识点
状语从句,244,0,3,初中英语知识点
时间状语从句,245,244,3,初中英语知识点
结果状语从句,246,244,3,初中英语知识点
原因状语从句,247,244,3,初中英语知识点
条件状语从句,248,244,3,初中英语知识点
目的状语从句,249,244,3,初中英语知识点
方式和地点状语从句,251,244,3,初中英语知识点
让步和比较状语从句,1124,244,3,初中英语知识点
语言应用,253,0,3,初中英语知识点
主谓一致,254,253,3,初中英语知识点
虚拟语气,255,253,3,初中英语知识点
完形填空,256,253,3,初中英语知识点
阅读理解,257,253,3,初中英语知识点
书面表达,258,253,3,初中英语知识点
补全对话,4827,253,3,初中英语知识点
情景交际,4830,253,3,初中英语知识点
单词拼写,4831,253,3,初中英语知识点
任务型阅读,4832,253,3,初中英语知识点
其他,1064,0,3,初中英语知识点
定语从句,3294,0,3,初中英语知识点
定语从句,252,3294,3,初中英语知识点
特殊句式,4825,0,3,初中英语知识点
there be句型,4826,4825,3,初中英语知识点
运动和力,151,0,4,初中物理知识点
长度的测量,152,151,4,初中物理知识点
机械运动,153,151,4,初中物理知识点
速度和平均速度,154,151,4,初中物理知识点
运动和力,155,151,4,初中物理知识点
力,156,0,4,初中物理知识点
常见的力,158,156,4,初中物理知识点
同一直线上二力的合成,159,156,4,初中物理知识点
力,1127,156,4,初中物理知识点
质量和密度,160,0,4,初中物理知识点
质量,161,160,4,初中物理知识点
密度,162,160,4,初中物理知识点
压强,163,0,4,初中物理知识点
压力与压强,164,163,4,初中物理知识点
液体内部的压强,165,163,4,初中物理知识点
大气压强,166,163,4,初中物理知识点
浮力,167,0,4,初中物理知识点
浮力,168,167,4,初中物理知识点
物体的浮沉条件,169,167,4,初中物理知识点
简单机械,170,0,4,初中物理知识点
杠杆,171,170,4,初中物理知识点
滑轮,172,170,4,初中物理知识点
功和能,173,0,4,初中物理知识点
功和功率,174,173,4,初中物理知识点
功的原理与机械效率,175,173,4,初中物理知识点
机械能,176,173,4,初中物理知识点
声现象,177,0,4,初中物理知识点
声音的产生和传播,178,177,4,初中物理知识点
乐音和噪声,179,177,4,初中物理知识点
光现象,180,0,4,初中物理知识点
光的传播,181,180,4,初中物理知识点
光的反射与折射,182,180,4,初中物理知识点
平面镜成像,183,180,4,初中物理知识点
凸透镜成像及应用,184,180,4,初中物理知识点
热现象,185,0,4,初中物理知识点
温度,186,185,4,初中物理知识点
物质的状态变化,187,185,4,初中物理知识点
内能和热量,188,0,4,初中物理知识点
分子动理论与内能,189,188,4,初中物理知识点
比热容,190,188,4,初中物理知识点
热机,191,188,4,初中物理知识点
简单电现象,192,0,4,初中物理知识点
导体和绝缘体,193,192,4,初中物理知识点
电路,194,192,4,初中物理知识点
电流定律,195,0,4,初中物理知识点
电流与电压,196,195,4,初中物理知识点
电阻,197,195,4,初中物理知识点
欧姆定律,198,195,4,初中物理知识点
串联电路和并联电路的特点,199,195,4,初中物理知识点
电功和电功率,200,0,4,初中物理知识点
电能和电功,201,200,4,初中物理知识点
电功率,202,200,4,初中物理知识点
焦耳定律,203,200,4,初中物理知识点
家庭电路,204,0,4,初中物理知识点
家庭电路,205,204,4,初中物理知识点
安全用电,206,204,4,初中物理知识点
电磁现象,207,0,4,初中物理知识点
磁现象,208,207,4,初中物理知识点
电磁铁,209,207,4,初中物理知识点
电机,210,207,4,初中物理知识点
信息、材料、能源与可持续发展,211,0,4,初中物理知识点
信息的传递,212,211,4,初中物理知识点
材料,213,211,4,初中物理知识点
能源与可持续发展,214,211,4,初中物理知识点
物理与生活,4448,0,4,初中物理知识点
物理常识,4450,4448,4,初中物理知识点
物质的变化和性质,1,0,5,初中化学知识点
物质的变化和性质,2,1,5,初中化学知识点
化学实验,3,0,5,初中化学知识点
仪器的使用和基本操作,4,3,5,初中化学知识点
空气,6,0,5,初中化学知识点
空气,7,6,5,初中化学知识点
氧气的性质,8,6,5,初中化学知识点
氧气的制取,9,6,5,初中化学知识点
物质的组成和构成,14,0,5,初中化学知识点
原子和分子,15,14,5,初中化学知识点
相对原子质量和元素,16,14,5,初中化学知识点
化合价和化学式,17,14,5,初中化学知识点
化学式,18,14,5,初中化学知识点
离子,19,14,5,初中化学知识点
混合物和纯净物,4836,14,5,初中化学知识点
化学方程式,20,0,5,初中化学知识点
质量守恒,21,20,5,初中化学知识点
化学方程式,22,20,5,初中化学知识点
跟化学方程式有关的计算,23,20,5,初中化学知识点
碳和碳的氧化物,24,0,5,初中化学知识点
碳单质,25,24,5,初中化学知识点
一氧化碳和二氧化碳,26,24,5,初中化学知识点
二氧化碳的制取,27,24,5,初中化学知识点
燃料及其应用,28,0,5,初中化学知识点
燃烧和灭火及能源,29,28,5,初中化学知识点
金属和金属材料,30,0,5,初中化学知识点
金属的性质,31,30,5,初中化学知识点
金属材料及其应用,32,30,5,初中化学知识点
金属资源的防护和回收及冶炼,33,30,5,初中化学知识点
溶液,34,0,5,初中化学知识点
溶液的形成,35,34,5,初中化学知识点
溶解度,36,34,5,初中化学知识点
溶质的质量分数,37,34,5,初中化学知识点
酸和碱,38,0,5,初中化学知识点
常见的酸和碱,39,38,5,初中化学知识点
酸和碱之间的反应,40,38,5,初中化学知识点
盐和化肥,41,0,5,初中化学知识点
常见的盐,42,41,5,初中化学知识点
化学与生活,43,0,5,初中化学知识点
化学与生活,44,43,5,初中化学知识点
水,1066,0,5,初中化学知识点
水的组成,11,1066,5,初中化学知识点
水的净化,12,1066,5,初中化学知识点
硬水和软水、保护水资源和节水,1135,1066,5,初中化学知识点
语言基础知识,774,0,6,高中语文知识点
字音字义,1141,774,6,高中语文知识点
改病句,1145,774,6,高中语文知识点
标点符号,1161,774,6,高中语文知识点
熟语,1162,774,6,高中语文知识点
词语应用,1166,774,6,高中语文知识点
语言表达和运用,785,0,6,高中语文知识点
扩展语句、压缩语段,786,785,6,高中语文知识点
选用、仿用、变换句式,787,785,6,高中语文知识点
文言文阅读,788,0,6,高中语文知识点
文言句式,1151,788,6,高中语文知识点
文言实词,1153,788,6,高中语文知识点
文言文分析,1155,788,6,高中语文知识点
文言文断句和翻译,1157,788,6,高中语文知识点
文言虚词,1159,788,6,高中语文知识点
古代诗歌鉴赏,794,0,6,高中语文知识点
鉴赏诗歌的形象,795,794,6,高中语文知识点
鉴赏诗歌的语言,796,794,6,高中语文知识点
鉴赏诗歌的表达技巧,797,794,6,高中语文知识点
诗歌的思想内容,1168,794,6,高中语文知识点
现代文阅读,1105,0,6,高中语文知识点
文学类文本阅读,801,1105,6,高中语文知识点
论述类文本阅读,1165,1105,6,高中语文知识点
写作,1106,0,6,高中语文知识点
技能技巧,1144,1106,6,高中语文知识点
文体写作,1146,1106,6,高中语文知识点
文学常识和名句名篇,3315,0,6,高中语文知识点
文学常识,782,3315,6,高中语文知识点
文体常识,783,3315,6,高中语文知识点
名句名篇,784,3315,6,高中语文知识点
集合,482,0,7,高中数学知识点
集合的基本运算,484,482,7,高中数学知识点
集合概念和集合间的基本关系,1221,482,7,高中数学知识点
常用逻辑用语,485,0,7,高中数学知识点
命题及其关系、充分条件与必要,1184,485,7,高中数学知识点
简单的逻辑联结词、全称量词和,1213,485,7,高中数学知识点
函数、基本初等函数（I）、函,491,0,7,高中数学知识点
指数幂的含义及幂的运算,492,491,7,高中数学知识点
函数与方程,1177,491,7,高中数学知识点
函数模型及其应用,1178,491,7,高中数学知识点
函数的图象和性质,1179,491,7,高中数学知识点
函数的概念与表示方法,1180,491,7,高中数学知识点
幂函数,1190,491,7,高中数学知识点
指数函数的概念、图象及其性质,1194,491,7,高中数学知识点
对数的概念及其运算性质,3301,491,7,高中数学知识点
对数函数的概念、图象及其性质,3306,491,7,高中数学知识点
数列,515,0,7,高中数学知识点
数列的实际应用,522,515,7,高中数学知识点
数列,1195,515,7,高中数学知识点
数列的通项及求和的几种方法,1196,515,7,高中数学知识点
等差数列,1211,515,7,高中数学知识点
等比数列,1212,515,7,高中数学知识点
不等式,523,0,7,高中数学知识点
不等式的证明,524,523,7,高中数学知识点
不等式的性质与解不等式,1171,523,7,高中数学知识点
二元一次不等式（组）与平面区域,1173,523,7,高中数学知识点
基本不等式,1186,523,7,高中数学知识点
特殊不等式,4524,523,7,高中数学知识点
几何证明选讲,547,0,7,高中数学知识点
几何证明选讲,1176,547,7,高中数学知识点
导数及其应用,567,0,7,高中数学知识点
定积分和微积分基本原理,944,567,7,高中数学知识点
导数在研究函数中的应用,1188,567,7,高中数学知识点
导数的概念及其运算,1189,567,7,高中数学知识点
曲线与方程,607,0,7,高中数学知识点
曲线与方程,1198,607,7,高中数学知识点
坐标系与参数方程,609,0,7,高中数学知识点
参数方程,611,609,7,高中数学知识点
极坐标系,1199,609,7,高中数学知识点
平面直角坐标系,4534,609,7,高中数学知识点
算法初步,612,0,7,高中数学知识点
算法的含义与程序框图,1214,612,7,高中数学知识点
基本算法语句,1215,612,7,高中数学知识点
算法案例,4824,612,7,高中数学知识点
计数原理,617,0,7,高中数学知识点
排列与组合,619,617,7,高中数学知识点
二项式定理,623,617,7,高中数学知识点
两个计数原理,1172,617,7,高中数学知识点
概率,629,0,7,高中数学知识点
随机事件的概率,626,629,7,高中数学知识点
古典概型,1183,629,7,高中数学知识点
几何概型,3295,629,7,高中数学知识点
解三角形,947,0,7,高中数学知识点
解三角形的应用举例,512,947,7,高中数学知识点
正弦定理和余弦定理,513,947,7,高中数学知识点
三角函数,966,0,7,高中数学知识点
三角函数的图象与性质,1169,966,7,高中数学知识点
三角函数的概念,1170,966,7,高中数学知识点
简单的三角函数恒等变换,3310,966,7,高中数学知识点
推理与证明,980,0,7,高中数学知识点
直接证明与间接证明,541,980,7,高中数学知识点
演绎推理与归纳推理,1202,980,7,高中数学知识点
平面向量,1069,0,7,高中数学知识点
平面向量的数量积及应用,562,1069,7,高中数学知识点
平面向量的基本定理及坐标运算,1191,1069,7,高中数学知识点
平面向量的概念及线性运算,1192,1069,7,高中数学知识点
空间向量及其应用,1070,0,7,高中数学知识点
空间向量及其运算,974,1070,7,高中数学知识点
利用向量求空间的角和距离,1181,1070,7,高中数学知识点
空间向量证明平行与垂直的位置,1210,1070,7,高中数学知识点
空间几何,1071,0,7,高中数学知识点
点、直线、平面之间的位置关系,1203,1071,7,高中数学知识点
空间几何体,1209,1071,7,高中数学知识点
直线与圆,1072,0,7,高中数学知识点
圆与方程,1185,1072,7,高中数学知识点
直线与圆,1205,1072,7,高中数学知识点
直线与方程,1206,1072,7,高中数学知识点
圆锥曲线,1073,0,7,高中数学知识点
直线与圆锥曲线的位置关系,606,1073,7,高中数学知识点
双曲线,1182,1073,7,高中数学知识点
抛物线,1193,1073,7,高中数学知识点
椭圆,1200,1073,7,高中数学知识点
随机变量及其分布列,1074,0,7,高中数学知识点
离散型随机变量及其分布列,983,1074,7,高中数学知识点
互斥事件有一个发生的概率与条,1174,1074,7,高中数学知识点
正态分布,1201,1074,7,高中数学知识点
独立事件同时发生的概率与独立,1204,1074,7,高中数学知识点
离散型随机变量的期望与方差,1208,1074,7,高中数学知识点
数系的扩充与复数的引入,1075,0,7,高中数学知识点
数系的扩充与复数的引入,1197,1075,7,高中数学知识点
统计与统计案例,1076,0,7,高中数学知识点
统计,1216,1076,7,高中数学知识点
统计案例,1217,1076,7,高中数学知识点
圆柱、圆锥与圆锥曲线,4518,0,7,高中数学知识点
用内切球探索圆锥曲线的性质,4519,4518,7,高中数学知识点
圆锥曲线性质的探讨,4531,4518,7,高中数学知识点
框图,4527,0,7,高中数学知识点
框图,4528,4527,7,高中数学知识点
矩阵与变换,4549,0,7,高中数学知识点
平面向量与二阶方阵,4550,4549,7,高中数学知识点
几何变换与矩阵,4558,4549,7,高中数学知识点
变换的合成与矩阵乘法,4565,4549,7,高中数学知识点
逆变换与逆矩阵,4570,4549,7,高中数学知识点
矩阵的特征值与特征向量,4576,4549,7,高中数学知识点
词法,720,0,8,高中英语知识点
冠词,721,720,8,高中英语知识点
名词,722,720,8,高中英语知识点
代词,723,720,8,高中英语知识点
数词,724,720,8,高中英语知识点
形容词,725,720,8,高中英语知识点
副词,726,720,8,高中英语知识点
介词和介词短语,727,720,8,高中英语知识点
连词,728,720,8,高中英语知识点
构词法,730,720,8,高中英语知识点
动词种类和形式,731,720,8,高中英语知识点
动词不定式,732,720,8,高中英语知识点
动名词,733,720,8,高中英语知识点
过去分词,735,720,8,高中英语知识点
一般将来时,738,720,8,高中英语知识点
过去进行时,741,720,8,高中英语知识点
将来进行时,742,720,8,高中英语知识点
现在完成时,743,720,8,高中英语知识点
过去完成时,744,720,8,高中英语知识点
将来完成时,745,720,8,高中英语知识点
虚拟语气,749,720,8,高中英语知识点
一般过去时,1223,720,8,高中英语知识点
现在分词,1228,720,8,高中英语知识点
现在完成进行时,1229,720,8,高中英语知识点
现在进行时,1230,720,8,高中英语知识点
被动语态,1232,720,8,高中英语知识点
过去将来时,1235,720,8,高中英语知识点
句法,750,0,8,高中英语知识点
句子成分,751,750,8,高中英语知识点
简单句的基本句型,752,750,8,高中英语知识点
句子种类,753,750,8,高中英语知识点
陈述句的否定形式,754,750,8,高中英语知识点
名词性从句,756,750,8,高中英语知识点
主谓一致,759,750,8,高中英语知识点
倒装句,760,750,8,高中英语知识点
省略句,761,750,8,高中英语知识点
强调句,762,750,8,高中英语知识点
It句型,1222,750,8,高中英语知识点
副词性从句（状语从句）,1225,750,8,高中英语知识点
形容词性从句（定语从句）,1227,750,8,高中英语知识点
语言应用,764,0,8,高中英语知识点
情景交际,765,764,8,高中英语知识点
听力理解,766,764,8,高中英语知识点
完形填空,767,764,8,高中英语知识点
阅读理解,768,764,8,高中英语知识点
阅读还原句子,769,764,8,高中英语知识点
短文改错,770,764,8,高中英语知识点
书面表达,771,764,8,高中英语知识点
单词拼写,772,764,8,高中英语知识点
语音辨析,773,764,8,高中英语知识点
语法填空,4829,764,8,高中英语知识点
任务型阅读,4834,764,8,高中英语知识点
质点的直线运动,638,0,9,高中物理知识点
时刻、时间和位移,640,638,9,高中物理知识点
匀变速直线运动的规律,643,638,9,高中物理知识点
竖直方向上的匀变速直线运动,645,638,9,高中物理知识点
实验一：探究小车速度随时间的,646,638,9,高中物理知识点
加速度,1240,638,9,高中物理知识点
质点、参考系和坐标系,1261,638,9,高中物理知识点
运动图像、追击相遇问题,1262,638,9,高中物理知识点
速度,1263,638,9,高中物理知识点
相互作用、物体的平衡,647,0,9,高中物理知识点
重力、基本相互作用、弹力,648,647,9,高中物理知识点
摩擦力,649,647,9,高中物理知识点
受力分析、力的合成与分解、共,650,647,9,高中物理知识点
实验二：验证力的平行四边形定则,651,647,9,高中物理知识点
牛顿运动定律,652,0,9,高中物理知识点
牛顿第二定律,654,652,9,高中物理知识点
超重与失重,655,652,9,高中物理知识点
实验三：探究a与F、m的关系,656,652,9,高中物理知识点
牛顿第一定律、牛顿第三定律、,1251,652,9,高中物理知识点
牛顿运动定律的应用,4730,652,9,高中物理知识点
质点的曲线运动,657,0,9,高中物理知识点
曲线运动、运动的合成与分解,658,657,9,高中物理知识点
抛体运动的规律,659,657,9,高中物理知识点
圆周运动,1242,657,9,高中物理知识点
机械能,662,0,9,高中物理知识点
功、功率,663,662,9,高中物理知识点
势能、动能和动能定理,664,662,9,高中物理知识点
实验五：验证机械能守恒定律,1244,662,9,高中物理知识点
实验四：探究做功与速度变化的,1246,662,9,高中物理知识点
机械能守恒定律、能量守恒定律,1249,662,9,高中物理知识点
静电场,667,0,9,高中物理知识点
电荷及其守恒定律、库仑定律,668,667,9,高中物理知识点
电场力的性质,669,667,9,高中物理知识点
电场能的性质,670,667,9,高中物理知识点
静电现象的应用,671,667,9,高中物理知识点
带电粒子在电场中的运动,1247,667,9,高中物理知识点
电容器的电容,1252,667,9,高中物理知识点
恒定电流,674,0,9,高中物理知识点
电路中的物理量,675,674,9,高中物理知识点
实验六：探究电阻的决定因素,677,674,9,高中物理知识点
实验七：描绘小灯泡的伏安特性,678,674,9,高中物理知识点
实验八：测定电源的电动势和内阻,679,674,9,高中物理知识点
实验九：练习使用多用电表,680,674,9,高中物理知识点
欧姆定律,1250,674,9,高中物理知识点
磁场,681,0,9,高中物理知识点
带电粒子在复合场中的运动,685,681,9,高中物理知识点
磁场及其描述,1255,681,9,高中物理知识点
磁场对运动电荷的作用力以及带,1256,681,9,高中物理知识点
磁场对通电导线的作用力,1257,681,9,高中物理知识点
电磁感应,686,0,9,高中物理知识点
法拉第电磁感应定律,688,686,9,高中物理知识点
电磁感应综合问题,690,686,9,高中物理知识点
互感和自感、涡流,1237,686,9,高中物理知识点
电磁感应现象、楞次定律,1253,686,9,高中物理知识点
交变电流,691,0,9,高中物理知识点
交变电流的产生和描述,1238,691,9,高中物理知识点
变压器、电能的输送,1241,691,9,高中物理知识点
传感器,694,0,9,高中物理知识点
传感器及其工作原理、应用,695,694,9,高中物理知识点
分子动理论,696,0,9,高中物理知识点
分子动理论、内能,697,696,9,高中物理知识点
实验十：用油膜法估测分子的大小,1245,696,9,高中物理知识点
气体,699,0,9,高中物理知识点
固体、液体和气体,700,699,9,高中物理知识点
机械振动,701,0,9,高中物理知识点
实验十一：探究单摆的运动、用,703,701,9,高中物理知识点
简谐运动及其图像、单摆、受迫,1258,701,9,高中物理知识点
机械波,704,0,9,高中物理知识点
机械波及其图像、波特有的现象,1248,704,9,高中物理知识点
光,706,0,9,高中物理知识点
几何光学,707,706,9,高中物理知识点
实验十二：测定玻璃的折射率,708,706,9,高中物理知识点
物理光学,709,706,9,高中物理知识点
电磁场和电磁波、相对论简介,710,0,9,高中物理知识点
电磁场和电磁波、相对论简介,711,710,9,高中物理知识点
动量,712,0,9,高中物理知识点
动量、动量守恒定律及其应用,713,712,9,高中物理知识点
实验十三：验证动量守恒定律,714,712,9,高中物理知识点
波粒二象性,715,0,9,高中物理知识点
波粒二象性,716,715,9,高中物理知识点
原子物理,717,0,9,高中物理知识点
原子结构,718,717,9,高中物理知识点
原子核,719,717,9,高中物理知识点
万有引力定律,1079,0,9,高中物理知识点
万有引力与航天,1236,1079,9,高中物理知识点
基本概念,276,0,10,高中化学知识点
物质的量,277,276,10,高中化学知识点
物质的量浓度,278,276,10,高中化学知识点
物质的组成和性质,279,276,10,高中化学知识点
物质的分类,280,276,10,高中化学知识点
氧化还原反应,281,276,10,高中化学知识点
离子反应,282,276,10,高中化学知识点
基本理论,283,0,10,高中化学知识点
化学反应与能量变化,284,283,10,高中化学知识点
化学反应速率,285,283,10,高中化学知识点
化学平衡及化学反应限度,286,283,10,高中化学知识点
化学反应进行的方向,287,283,10,高中化学知识点
弱电解质的电离平衡,288,283,10,高中化学知识点
水的电离和溶液的酸碱性,289,283,10,高中化学知识点
盐类水解,290,283,10,高中化学知识点
沉淀溶解平衡,291,283,10,高中化学知识点
原电池原理及其应用,292,283,10,高中化学知识点
电解原理及其应用,293,283,10,高中化学知识点
元素及其化合物,294,0,10,高中化学知识点
钠及其化合物,295,294,10,高中化学知识点
镁、铝及其化合物,296,294,10,高中化学知识点
铁、铜及其重要化合物,297,294,10,高中化学知识点
氯及其化合物,298,294,10,高中化学知识点
氮及其化合物,299,294,10,高中化学知识点
氧、硫及其化合物,300,294,10,高中化学知识点
硅及其化合物,301,294,10,高中化学知识点
金属及金属材料,302,294,10,高中化学知识点
有机化学,303,0,10,高中化学知识点
有机化合物的组成与结构,304,303,10,高中化学知识点
烷烃与烯烃,305,303,10,高中化学知识点
炔烃和芳香烃,306,303,10,高中化学知识点
卤代烃,307,303,10,高中化学知识点
醇和酚,308,303,10,高中化学知识点
醛和酮,309,303,10,高中化学知识点
羧酸和酯,310,303,10,高中化学知识点
油脂、糖类、蛋白质和核酸,311,303,10,高中化学知识点
高分子化合物,312,303,10,高中化学知识点
有机化学反应与有机合成,313,303,10,高中化学知识点
有机药物,4455,303,10,高中化学知识点
物质结构与性质,314,0,10,高中化学知识点
原子结构,315,314,10,高中化学知识点
元素周期律和元素周期表,316,314,10,高中化学知识点
化学键,317,314,10,高中化学知识点
分子的性质,318,314,10,高中化学知识点
晶体的结构与性质,319,314,10,高中化学知识点
物质结构与性质的关系,4491,314,10,高中化学知识点
化学实验,320,0,10,高中化学知识点
化学基本实验常识,321,320,10,高中化学知识点
常见物质的检验,322,320,10,高中化学知识点
常见气体的制备、收集和净化,323,320,10,高中化学知识点
物质的分离与提纯,324,320,10,高中化学知识点
物质的制备,325,320,10,高中化学知识点
化学计算,326,0,10,高中化学知识点
计算题型的解题方法与技巧,327,326,10,高中化学知识点
常见的化学计算,328,326,10,高中化学知识点
化学与STS,329,0,10,高中化学知识点
化学与生活,330,329,10,高中化学知识点
化学与资源的开发利用,331,329,10,高中化学知识点
化学与工农业生产,332,329,10,高中化学知识点
化学与环境保护,333,329,10,高中化学知识点
古代中国的政治制度,334,0,11,高中历史知识点
夏商周的政治制度,335,334,11,高中历史知识点
秦朝中央集权制度的形成,336,334,11,高中历史知识点
从汉至元政治制度的演变,337,334,11,高中历史知识点
明清君主专制的加强,338,334,11,高中历史知识点
古希腊和古罗马的政治制度,339,0,11,高中历史知识点
古代希腊民主政治,340,339,11,高中历史知识点
罗马法的起源与发展,341,339,11,高中历史知识点
近代西方资本主义政体的建立,342,0,11,高中历史知识点
英国君主立宪制度的建立,343,342,11,高中历史知识点
美国联邦制共和制政体的建立,344,342,11,高中历史知识点
资本主义政治制度在欧洲大陆的,345,342,11,高中历史知识点
近代中国反侵略、求民主的潮流,346,0,11,高中历史知识点
近代列强的侵华,348,346,11,高中历史知识点
太平天国运动,349,346,11,高中历史知识点
辛亥革命,350,346,11,高中历史知识点
新民主主义革命的崛起,351,346,11,高中历史知识点
国共对峙十年,352,346,11,高中历史知识点
抗日战争,353,346,11,高中历史知识点
解放战争,354,346,11,高中历史知识点
从科学社会主义理论到社会主义,355,0,11,高中历史知识点
马克思主义的诞生,356,355,11,高中历史知识点
俄国十月社会主义革命,357,355,11,高中历史知识点
现代中国的政治建设与祖国统一,358,0,11,高中历史知识点
新中国的民主政治建设,359,358,11,高中历史知识点
祖国统一大业,360,358,11,高中历史知识点
现代中国的对外关系,361,0,11,高中历史知识点
新中国初期的外交和新时期的外,362,361,11,高中历史知识点
复杂多样的当代世界,363,0,11,高中历史知识点
两极对峙格局的形成,364,363,11,高中历史知识点
世界多极化趋势的出现和加强,365,363,11,高中历史知识点
古代中国经济的基本结构与特点,366,0,11,高中历史知识点
发达的古代农业,367,366,11,高中历史知识点
农耕时代的手工业,368,366,11,高中历史知识点
古代商业的发展,369,366,11,高中历史知识点
古代的经济政策,370,366,11,高中历史知识点
资本主义世界市场的形成和发展,371,0,11,高中历史知识点
新航路的开辟,372,371,11,高中历史知识点
殖民扩张与世界市场的拓展,373,371,11,高中历史知识点
第一次工业革命,374,371,11,高中历史知识点
第二次工业革命,375,371,11,高中历史知识点
近代中国经济结构的变动与资本,376,0,11,高中历史知识点
近代中国经济结构的变动,377,376,11,高中历史知识点
中国民族资本主义的曲折发展,378,376,11,高中历史知识点
各国经济体制的创新和调整,379,0,11,高中历史知识点
罗斯福新政,380,379,11,高中历史知识点
战后资本主义的新变化,381,379,11,高中历史知识点
苏联经济建设的成败得失和走向,382,379,11,高中历史知识点
中国特色社会主义建设的道路,383,0,11,高中历史知识点
经济建设的发展和曲折,384,383,11,高中历史知识点
从计划经济到市场经济,385,383,11,高中历史知识点
对外开放格局的初步形成,386,383,11,高中历史知识点
中国近现代社会生活的变迁,387,0,11,高中历史知识点
物质生活与习俗的变迁,388,387,11,高中历史知识点
交通工具和通讯工具的进步,389,387,11,高中历史知识点
大众传媒的变迁,390,387,11,高中历史知识点
中国传统文化主流思想的演变,395,0,11,高中历史知识点
“百家争鸣”和儒家思想的形成,396,395,11,高中历史知识点
“罢黜百家 独尊儒术”,397,395,11,高中历史知识点
宋明理学,398,395,11,高中历史知识点
明末清初的思想活跃局面,399,395,11,高中历史知识点
古代中国的科学技术与文学艺术,400,0,11,高中历史知识点
古代中国的发明和发现,401,400,11,高中历史知识点
古代中国辉煌灿烂的文学艺术,402,400,11,高中历史知识点
近现代中国的先进思想,403,0,11,高中历史知识点
从“师夷长技”到维新变法,404,403,11,高中历史知识点
新文化运动与马克思主义的传播,405,403,11,高中历史知识点
孙中山三民主义和毛泽东思想、,406,403,11,高中历史知识点
现代中国的科技、教育与文学艺术,407,0,11,高中历史知识点
建国以来的重大科技成就,408,407,11,高中历史知识点
现代中国教育的发展,409,407,11,高中历史知识点
百花齐放、百家争鸣,410,407,11,高中历史知识点
近代以来的世界科学技术进步和,416,0,11,高中历史知识点
近代以来世界文学艺术的辉煌,3985,416,11,高中历史知识点
近代以来世界科学技术进步,3986,416,11,高中历史知识点
当今世界经济的全球化趋势,3923,0,11,高中历史知识点
战后资本主义世界经济体系的形成,392,3923,11,高中历史知识点
世界经济区域集团化,393,3923,11,高中历史知识点
经济全球化趋势的加强,3978,3923,11,高中历史知识点
西方人文主义思想的起源和发展,3924,0,11,高中历史知识点
西方人文主义思想的起源,411,3924,11,高中历史知识点
西方人文主义思想的发展,3981,3924,11,高中历史知识点
古代历史上的改革,3925,0,11,高中历史知识点
北魏孝文帝改革,3955,3925,11,高中历史知识点
商鞅变法,3959,3925,11,高中历史知识点
梭伦改革,3968,3925,11,高中历史知识点
王安石变法,3973,3925,11,高中历史知识点
西方近代早期的改革,3926,0,11,高中历史知识点
欧洲的宗教改革,3969,3926,11,高中历史知识点
工业文明冲击下的改革,3927,0,11,高中历史知识点
1861年俄国农奴制改革,3948,3927,11,高中历史知识点
戊戌变法,3962,3927,11,高中历史知识点
日本明治维新,3965,3927,11,高中历史知识点
穆罕默德·阿里改革,3975,3927,11,高中历史知识点
专制理论与民主思想的冲突,3928,0,11,高中历史知识点
专制理论与民主思想的冲突,3949,3928,11,高中历史知识点
英国议会与国王的斗争,3929,0,11,高中历史知识点
英国议会与国王的斗争,3980,3929,11,高中历史知识点
向封建专制统治宣战的檄文,3930,0,11,高中历史知识点
向封建专制统治宣战的檄文,3957,3930,11,高中历史知识点
构建资产阶级代议制的政治框架,3931,0,11,高中历史知识点
构建资产阶级代议制的政治框架,3967,3931,11,高中历史知识点
法国民主力量与专制势力的斗争,3932,0,11,高中历史知识点
法国民主力量与专制势力的斗争,3971,3932,11,高中历史知识点
近代中国的民主思想与反对专制,3933,0,11,高中历史知识点
近代中国的民主思想与反对专制,3984,3933,11,高中历史知识点
无产阶级和人民群众争取民主的,3934,0,11,高中历史知识点
无产阶级和人民群众争取民主的,3963,3934,11,高中历史知识点
第一次世界大战,3935,0,11,高中历史知识点
第一次世界大战,3976,3935,11,高中历史知识点
凡尔赛—华盛顿体系下的世界,3936,0,11,高中历史知识点
凡尔赛—华盛顿体系下的世界,3954,3936,11,高中历史知识点
第二次世界大战,3937,0,11,高中历史知识点
第二次世界大战,3977,3937,11,高中历史知识点
雅尔塔体系下的冷战与和平,3938,0,11,高中历史知识点
雅尔塔体系下的冷战与和平,3988,3938,11,高中历史知识点
烽火连绵的局部战争,3939,0,11,高中历史知识点
烽火连绵的局部战争,3972,3939,11,高中历史知识点
和平与发展——当今世界的时代,3940,0,11,高中历史知识点
和平与发展,3958,3940,11,高中历史知识点
古代中国的政治家,3941,0,11,高中历史知识点
古代中国的政治家,3956,3941,11,高中历史知识点
东西方的先哲,3942,0,11,高中历史知识点
东西方的先哲,3950,3942,11,高中历史知识点
欧美资产阶级革命时代的杰出人物,3943,0,11,高中历史知识点
欧美资产阶级革命时代的杰出人物,3970,3943,11,高中历史知识点
亚洲觉醒的先躯,3944,0,11,高中历史知识点
亚洲觉醒的先躯,3952,3944,11,高中历史知识点
无产阶级革命家,3945,0,11,高中历史知识点
无产阶级革命家,3964,3945,11,高中历史知识点
杰出的科学家,3946,0,11,高中历史知识点
杰出的科学家,3966,3946,11,高中历史知识点
自然地理,919,0,12,高中地理知识点
宇宙中的地球,920,919,12,高中地理知识点
自然环境的整体性和差异性,924,919,12,高中地理知识点
大气的物质运动和能量交换,1305,919,12,高中地理知识点
自然环境对人类活动的影响,1306,919,12,高中地理知识点
地壳物质循环与地表形态变化,3317,919,12,高中地理知识点
水循环及洋流,3318,919,12,高中地理知识点
人文地理,926,0,12,高中地理知识点
人类与地理环境的协调发展,932,926,12,高中地理知识点
城市,1274,926,12,高中地理知识点
工业,1301,926,12,高中地理知识点
人口,3316,926,12,高中地理知识点
交通运输,3319,926,12,高中地理知识点
农业,3320,926,12,高中地理知识点
区域可持续发展,933,0,12,高中地理知识点
区域地理环境与人类活动,934,933,12,高中地理知识点
区域可持续发展,935,933,12,高中地理知识点
地理信息技术的运用,936,933,12,高中地理知识点
宇宙与地球,1082,0,12,高中地理知识点
地球的演化,1278,1082,12,高中地理知识点
地表形态的变化,1281,1082,12,高中地理知识点
太阳系和地月系,1286,1082,12,高中地理知识点
宇宙,1288,1082,12,高中地理知识点
海洋地理,1083,0,12,高中地理知识点
海洋和海岸带,1294,1083,12,高中地理知识点
海洋开发,1295,1083,12,高中地理知识点
海洋权益,1296,1083,12,高中地理知识点
海洋环境问题与保护,1297,1083,12,高中地理知识点
旅游地理,1084,0,12,高中地理知识点
世界政治经济地理格局,1272,1084,12,高中地理知识点
旅游与区域发展,1290,1084,12,高中地理知识点
旅游规划与旅游活动设计,1291,1084,12,高中地理知识点
旅游资源的类型与分布,1292,1084,12,高中地理知识点
旅游资源的综合评价,1293,1084,12,高中地理知识点
城乡规划,1085,0,12,高中地理知识点
城乡分布,1282,1085,12,高中地理知识点
城乡发展与城市化,1283,1085,12,高中地理知识点
城乡建设与生活环境,1284,1085,12,高中地理知识点
城乡规划,1285,1085,12,高中地理知识点
自然灾害与防治,1086,0,12,高中地理知识点
主要自然灾害的类型与分布,1273,1086,12,高中地理知识点
我国的主要自然灾害,1289,1086,12,高中地理知识点
自然灾害与环境,1304,1086,12,高中地理知识点
防灾与减灾,1310,1086,12,高中地理知识点
环境保护,1087,0,12,高中地理知识点
环境与环境问题,1298,1087,12,高中地理知识点
环境污染与防治,1299,1087,12,高中地理知识点
环境管理,1300,1087,12,高中地理知识点
生态环境问题与生态环境保护,1302,1087,12,高中地理知识点
资源问题与资源的利用、保护,1309,1087,12,高中地理知识点
地理信息技术应用,1088,0,12,高中地理知识点
3S(RS、GPS、GIS)技术综合应用,1270,1088,12,高中地理知识点
全球定位系统(GPS),1275,1088,12,高中地理知识点
地图和遥感（RS）,1277,1088,12,高中地理知识点
地理信息技术的发展,1279,1088,12,高中地理知识点
地理信息系统(GIS),1280,1088,12,高中地理知识点
经济与生活,3349,0,13,高中政治知识点
个人收入的分配,3395,3349,13,高中政治知识点
企业与劳动者,3396,3349,13,高中政治知识点
国家收入的分配,3400,3349,13,高中政治知识点
多变的价格,3401,3349,13,高中政治知识点
多彩的消费,3402,3349,13,高中政治知识点
小康社会的经济建设,3406,3349,13,高中政治知识点
征税和纳税,3408,3349,13,高中政治知识点
投资的选择,3416,3349,13,高中政治知识点
生产与经济制度,3420,3349,13,高中政治知识点
神奇的货币,3424,3349,13,高中政治知识点
经济全球化与对外开放,3425,3349,13,高中政治知识点
走进社会主义市场经济,3431,3349,13,高中政治知识点
政治与生活,3350,0,13,高中政治知识点
我国的人民代表大会制度,852,3350,13,高中政治知识点
我国的政党制度,854,3350,13,高中政治知识点
我国公民的政治参与,3411,3350,13,高中政治知识点
我国政府受人民的监督,3412,3350,13,高中政治知识点
我国政府是人民的政府,3413,3350,13,高中政治知识点
我国民族区域自治制度及宗教政策,3414,3350,13,高中政治知识点
生活在人民当家作主的国家,3421,3350,13,高中政治知识点
维护世界和平、促进共同发展,3426,3350,13,高中政治知识点
走进国际社会,3430,3350,13,高中政治知识点
文化与生活,3351,0,13,高中政治知识点
文化与社会,865,3351,13,高中政治知识点
文化对人的影响,867,3351,13,高中政治知识点
文化的多样性与文化传播,869,3351,13,高中政治知识点
文化的继承性与发展,871,3351,13,高中政治知识点
文化创新,873,3351,13,高中政治知识点
走进文化生活,879,3351,13,高中政治知识点
建设中国特色社会主义文化,3407,3351,13,高中政治知识点
我们的中华文化,3409,3351,13,高中政治知识点
我们的民族精神,3410,3351,13,高中政治知识点
文化建设的中心环节,3418,3351,13,高中政治知识点
生活与哲学,3352,0,13,高中政治知识点
时代精神的精华,890,3352,13,高中政治知识点
唯物辩证法的联系观,901,3352,13,高中政治知识点
唯物辩证法的发展观,903,3352,13,高中政治知识点
创新意识与社会进步,3398,3352,13,高中政治知识点
唯物辩证法的实质与核心,3399,3352,13,高中政治知识点
实现人生价值,3404,3352,13,高中政治知识点
寻求社会的真谛,3405,3352,13,高中政治知识点
把握思维的奥秘,3415,3352,13,高中政治知识点
探究世界的本质,3417,3352,13,高中政治知识点
求索真理的历程,3419,3352,13,高中政治知识点
百舸争流的思想,3422,3352,13,高中政治知识点
美好生活的向导,3427,3352,13,高中政治知识点
组成细胞的分子,422,0,14,高中生物知识点
细胞中的元素和化合物,423,422,14,高中生物知识点
生命活动的主要承担者——蛋白质,424,422,14,高中生物知识点
遗传信息的携带者——核酸,425,422,14,高中生物知识点
细胞中的糖类、脂质和无机物,426,422,14,高中生物知识点
细胞的基本结构,427,0,14,高中生物知识点
细胞膜——系统的边界、细胞核,428,427,14,高中生物知识点
细胞器——系统内的分工合作,429,427,14,高中生物知识点
细胞的物质输入和输出,430,0,14,高中生物知识点
物质跨膜运输的实例,431,430,14,高中生物知识点
生物膜的流动镶嵌模型和物质跨,432,430,14,高中生物知识点
细胞的能量供应和利用,433,0,14,高中生物知识点
降低化学反应活化能的酶、细胞,434,433,14,高中生物知识点
ATP的主要来源——细胞呼吸,435,433,14,高中生物知识点
能量之源——光与光合作用,436,433,14,高中生物知识点
细胞的生命历程,437,0,14,高中生物知识点
细胞的增殖,438,437,14,高中生物知识点
细胞的分化、衰老、凋亡和癌变,439,437,14,高中生物知识点
遗传因子的发现,440,0,14,高中生物知识点
孟德尔的豌豆杂交实验（一）,441,440,14,高中生物知识点
孟德尔的豌豆杂交实验（二）,442,440,14,高中生物知识点
基因和染色体的关系,443,0,14,高中生物知识点
减数分裂和受精作用,444,443,14,高中生物知识点
基因在染色体上、伴性遗传,445,443,14,高中生物知识点
基因的本质,446,0,14,高中生物知识点
DNA是主要的遗传物质,447,446,14,高中生物知识点
DNA分子的结构、DNA的复制、基,448,446,14,高中生物知识点
基因的表达,450,0,14,高中生物知识点
基因指导蛋白质的合成,451,450,14,高中生物知识点
基因对性状的控制,452,450,14,高中生物知识点
基因突变及其他变异,453,0,14,高中生物知识点
基因突变和基因重组,454,453,14,高中生物知识点
染色体变异,455,453,14,高中生物知识点
人类遗传病,456,453,14,高中生物知识点
从杂交育种到基因工程,457,0,14,高中生物知识点
杂交育种与诱变育种、基因工程,458,457,14,高中生物知识点
现代生物进化理论,459,0,14,高中生物知识点
现代生物进化理论的由来及现代,460,459,14,高中生物知识点
人体的内环境与稳态,462,0,14,高中生物知识点
细胞生活的环境和内环境稳态的,463,462,14,高中生物知识点
动物和人体生命活动的调节,464,0,14,高中生物知识点
通过神经系统的调节,465,464,14,高中生物知识点
通过激素的调节及神经调节与体,466,464,14,高中生物知识点
免疫调节,467,464,14,高中生物知识点
植物的激素调节,468,0,14,高中生物知识点
植物生长素的发现,469,468,14,高中生物知识点
生长素的生理作用和其他植物激素,470,468,14,高中生物知识点
种群和群落,471,0,14,高中生物知识点
种群数量的变化,473,471,14,高中生物知识点
群落的结构,474,471,14,高中生物知识点
种群的特征,1340,471,14,高中生物知识点
生态系统及其稳定性,475,0,14,高中生物知识点
生态系统的结构,476,475,14,高中生物知识点
生态系统的能量流动,477,475,14,高中生物知识点
生态系统的物质循环,478,475,14,高中生物知识点
生态系统的信息传递和生态系统,479,475,14,高中生物知识点
生态环境的保护,480,0,14,高中生物知识点
人口增长对生态环境的影响、保,481,480,14,高中生物知识点
走近细胞,938,0,14,高中生物知识点
从生物圈到细胞、细胞的多样性,1313,938,14,高中生物知识点
传统发酵技术的应用,1091,0,14,高中生物知识点
制作泡菜并检测亚硝酸盐含量,1319,1091,14,高中生物知识点
果酒和果醋的制作,1332,1091,14,高中生物知识点
腐乳的制作,1345,1091,14,高中生物知识点
微生物的培养与应用,1092,0,14,高中生物知识点
分解纤维素的微生物的分离,1318,1092,14,高中生物知识点
土壤中分解尿素的细菌的分离与,1323,1092,14,高中生物知识点
微生物的实验室培养,1328,1092,14,高中生物知识点
植物的组织培养技术,1093,0,14,高中生物知识点
月季的花药培养,1330,1093,14,高中生物知识点
菊花的组织培养,1346,1093,14,高中生物知识点
酶的研究与应用,1094,0,14,高中生物知识点
探究加酶洗衣粉的洗涤效果,1329,1094,14,高中生物知识点
果胶酶在果汁生产中的作用,1331,1094,14,高中生物知识点
酵母细胞的固定化,1352,1094,14,高中生物知识点
DNA和蛋白质技术,1095,0,14,高中生物知识点
DNA的粗提取与鉴定,1311,1095,14,高中生物知识点
多聚酶链式反应扩增DNA片段,1326,1095,14,高中生物知识点
血红蛋白的提取和分离,1348,1095,14,高中生物知识点
植物有效成分的提取,1096,0,14,高中生物知识点
植物芳香油的提取,1335,1096,14,高中生物知识点
胡萝卜素的提取,1344,1096,14,高中生物知识点
基因工程,1097,0,14,高中生物知识点
DNA重组技术的基本工具,1312,1097,14,高中生物知识点
基因工程的基本操作程序,1324,1097,14,高中生物知识点
基因工程的应用,1325,1097,14,高中生物知识点
蛋白质工程的崛起,1347,1097,14,高中生物知识点
植物细胞工程,1098,0,14,高中生物知识点
植物细胞工程的基本技术,1333,1098,14,高中生物知识点
植物细胞工程的实际应用,1334,1098,14,高中生物知识点
动物细胞工程,1099,0,14,高中生物知识点
动物体细胞核移植技术,1320,1099,14,高中生物知识点
动物细胞培养,1321,1099,14,高中生物知识点
动物细胞融合与单克隆抗体,1322,1099,14,高中生物知识点
胚胎工程,1100,0,14,高中生物知识点
体内受精和早期胚胎发育,1314,1100,14,高中生物知识点
体外受精和早期胚胎培养,1315,1100,14,高中生物知识点
胚胎工程的应用及前景,1343,1100,14,高中生物知识点
生物技术的安全性和伦理问题,1101,0,14,高中生物知识点
关注生物技术的伦理问题,1316,1101,14,高中生物知识点
禁止生物武器,1339,1101,14,高中生物知识点
转基因生物的安全性,1351,1101,14,高中生物知识点
生态工程,1102,0,14,高中生物知识点
生态工程的基本原理,1336,1102,14,高中生物知识点
生态工程的实例和发展前景,1337,1102,14,高中生物知识点
中国古代史,4218,0,15,初中历史知识点
中华文明的起源　,4240,4218,15,初中历史知识点
国家的产生和社会变革,4250,4218,15,初中历史知识点
思想文化,4255,4218,15,初中历史知识点
政权分立与民族融合,4257,4218,15,初中历史知识点
科学技术,4268,4218,15,初中历史知识点
繁荣与开放的社会,4277,4218,15,初中历史知识点
经济重心的南移和民族关系的发展,4279,4218,15,初中历史知识点
统一国家的建立,4280,4218,15,初中历史知识点
统一多民族国家的巩固和社会的,4281,4218,15,初中历史知识点
中国近代史,4219,0,15,初中历史知识点
中华民族的抗日战争,4241,4219,15,初中历史知识点
人民解放战争的胜利,4245,4219,15,初中历史知识点
列强的侵略与中国人民的抗争,4248,4219,15,初中历史知识点
新民主主义革命的兴起,4259,4219,15,初中历史知识点
科学技术与思想文化,4269,4219,15,初中历史知识点
经济和社会生活,4278,4219,15,初中历史知识点
近代化的起步,4286,4219,15,初中历史知识点
中国现代史,4220,0,15,初中历史知识点
中华人民共和国的成立和巩固,4239,4220,15,初中历史知识点
国防建设与外交成就,4251,4220,15,初中历史知识点
建设有中国特色的社会主义,4254,4220,15,初中历史知识点
民族团结与祖国统一,4262,4220,15,初中历史知识点
社会主义道路的探索,4265,4220,15,初中历史知识点
社会生活,4266,4220,15,初中历史知识点
科技、教育与文化,4272,4220,15,初中历史知识点
世界古代史,4221,0,15,初中历史知识点
上古人类文明,4238,4221,15,初中历史知识点
中古亚欧文明,4242,4221,15,初中历史知识点
史前时期的人类,4249,4221,15,初中历史知识点
文明的冲撞与融合,4258,4221,15,初中历史知识点
科学技术与思想文化,4270,4221,15,初中历史知识点
世界近代史,4222,0,15,初中历史知识点
国际工人运动与马克思主义的诞生,4252,4222,15,初中历史知识点
欧美主要国家的社会巨变,4260,4222,15,初中历史知识点
殖民扩张与殖民地人民的抗争,4261,4222,15,初中历史知识点
科学与思想文化,4267,4222,15,初中历史知识点
第一次世界大战,4273,4222,15,初中历史知识点
第一次工业革命,4274,4222,15,初中历史知识点
第二次工业革命,4276,4222,15,初中历史知识点
资产阶级统治的巩固与扩大,4285,4222,15,初中历史知识点
世界现代史,4223,0,15,初中历史知识点
主要资本主义国家的发展变化,4243,4223,15,初中历史知识点
亚非拉国家的独立和振兴,4244,4223,15,初中历史知识点
凡尔赛-华盛顿体系下的西方世界,4247,4223,15,初中历史知识点
战后世界格局的演变,4256,4223,15,初中历史知识点
社会主义国家的改革与演变,4264,4223,15,初中历史知识点
科学技术和文化,4271,4223,15,初中历史知识点
第二次世界大战,4275,4223,15,初中历史知识点
苏联社会主义道路的探索,4282,4223,15,初中历史知识点
其他,4224,0,15,初中历史知识点
其他,4246,4224,15,初中历史知识点
学习方法,4253,4224,15,初中历史知识点
知识点总结,4263,4224,15,初中历史知识点
解题技巧,4283,4224,15,初中历史知识点
试卷,4284,4224,15,初中历史知识点
乡土地理,4205,0,16,初中地理知识点
乡土地理,4288,4205,16,初中地理知识点
认识中国区域,4206,0,16,初中地理知识点
位置与分布,4291,4206,16,初中地理知识点
环境与发展,4308,4206,16,初中地理知识点
联系与差异,4312,4206,16,初中地理知识点
地理差异,4207,0,16,初中地理知识点
地理差异,4300,4207,16,初中地理知识点
经济与文化,4208,0,16,初中地理知识点
文化特色,4303,4208,16,初中地理知识点
经济发展,4311,4208,16,初中地理知识点
自然环境与自然资源,4209,0,16,初中地理知识点
自然环境,4314,4209,16,初中地理知识点
自然资源,4315,4209,16,初中地理知识点
疆域与人口,4210,0,16,初中地理知识点
人口与民族,4290,4210,16,初中地理知识点
疆域与行政区划,4309,4210,16,初中地理知识点
地区发展差异,4211,0,16,初中地理知识点
发展中国家与发达国家,4293,4211,16,初中地理知识点
国际合作,4294,4211,16,初中地理知识点
居民,4212,0,16,初中地理知识点
人口与人种,4289,4212,16,初中地理知识点
聚落,4313,4212,16,初中地理知识点
语言与宗教,4321,4212,16,初中地理知识点
气候,4213,0,16,初中地理知识点
主要气候类型,4287,4213,16,初中地理知识点
天气与我们的生活,4301,4213,16,初中地理知识点
气温与降水的分布,4304,4213,16,初中地理知识点
海洋与陆地,4214,0,16,初中地理知识点
洋流,4305,4214,16,初中地理知识点
海陆分布,4306,4214,16,初中地理知识点
海陆变迁,4307,4214,16,初中地理知识点
地图,4215,0,16,初中地理知识点
地图,4295,4215,16,初中地理知识点
地球和地球仪,4216,0,16,初中地理知识点
地球仪,4296,4216,16,初中地理知识点
地球的大小,4297,4216,16,初中地理知识点
地球的形状,4298,4216,16,初中地理知识点
地球的运动,4299,4216,16,初中地理知识点
认识世界区域,4395,0,16,初中地理知识点
认识国家,4317,4395,16,初中地理知识点
认识地区,4318,4395,16,初中地理知识点
认识大洲,4319,4395,16,初中地理知识点
政治,4225,0,17,初中政治知识点
了解祖国、爱我中华,4322,4225,17,初中政治知识点
交往艺术新思维,4323,4225,17,初中政治知识点
做意志坚强的人,4324,4225,17,初中政治知识点
做知法守法用法的人,4325,4225,17,初中政治知识点
做自尊自信的人,4326,4225,17,初中政治知识点
做自立自强的人,4327,4225,17,初中政治知识点
师友结伴同行,4330,4225,17,初中政治知识点
我们崇尚公平和正义,4331,4225,17,初中政治知识点
我们的人身权利,4332,4225,17,初中政治知识点
我们的文化、经济权利,4333,4225,17,初中政治知识点
我们的朋友遍天下,4334,4225,17,初中政治知识点
承担责任、服务社会,4335,4225,17,初中政治知识点
权利义务伴我行,4336,4225,17,初中政治知识点
满怀希望、迎接明天,4337,4225,17,初中政治知识点
相亲相爱一家人,4338,4225,17,初中政治知识点
笑迎新生活,4340,4225,17,初中政治知识点
融入社会、肩负使命,4341,4225,17,初中政治知识点
认识新自我,4343,4225,17,初中政治知识点
过健康、安全的生活,4345,4225,17,初中政治知识点
过富有情趣的生活,4346,4225,17,初中政治知识点
其他,4226,0,17,初中政治知识点
其他,4328,4226,17,初中政治知识点
学习方法,4329,4226,17,初中政治知识点
知识点总结,4339,4226,17,初中政治知识点
解题技巧,4342,4226,17,初中政治知识点
试卷,4344,4226,17,初中政治知识点
生物体的结构层次,4227,0,18,初中生物知识点
人体的结构层次,4349,4227,18,初中生物知识点
使用显微镜观察细胞结构,4356,4227,18,初中生物知识点
制作临时装片,4359,4227,18,初中生物知识点
动植物细胞结构的主要不同点,4360,4227,18,初中生物知识点
多细胞生物体的结构层次,4367,4227,18,初中生物知识点
细胞分裂、分化形成组织,4382,4227,18,初中生物知识点
细胞是生命活动的基本单位,4383,4227,18,初中生物知识点
细胞核在生物遗传中的重要功能,4384,4227,18,初中生物知识点
生物与环境,4228,0,18,初中生物知识点
在实验室条件下探究生物的生活,4366,4228,18,初中生物知识点
生物与环境组成生态系统,4377,4228,18,初中生物知识点
生物和生物之间有密切的联系,4378,4228,18,初中生物知识点
生物圈是人类与其他生物的共同,4379,4228,18,初中生物知识点
生物的生存依赖一定的环境,4381,4228,18,初中生物知识点
生物圈中的绿色植物,4229,0,18,初中生物知识点
探究种子萌发的条件,4371,4229,18,初中生物知识点
绿色开花植物的一生,4385,4229,18,初中生物知识点
绿色植物有助于维持生物圈中的,4386,4229,18,初中生物知识点
绿色植物的光合作用和呼吸作用,4387,4229,18,初中生物知识点
绿色植物的生活需要水和无机盐,4388,4229,18,初中生物知识点
绿色植物的蒸腾作用,4389,4229,18,初中生物知识点
生物圈中的人,4230,0,18,初中生物知识点
人体代谢废物的排出,4347,4230,18,初中生物知识点
人体的呼吸,4348,4230,18,初中生物知识点
人体的血液循环,4350,4230,18,初中生物知识点
人体通过神经系统和内分泌系统,4351,4230,18,初中生物知识点
人对生物圈的影响,4352,4230,18,初中生物知识点
人类的起源和进化,4354,4230,18,初中生物知识点
营养物质的消化和吸收,4390,4230,18,初中生物知识点
动物的运动和行为,4231,0,18,初中生物知识点
动物的行为,4362,4231,18,初中生物知识点
动物的运动,4363,4231,18,初中生物知识点
生物的生殖、发育与遗传,4232,0,18,初中生物知识点
人的生殖和发育,4353,4232,18,初中生物知识点
动物的生殖和发育,4361,4232,18,初中生物知识点
染色体、DNA和基因,4372,4232,18,初中生物知识点
植物的生殖,4373,4232,18,初中生物知识点
生物的多样性,4233,0,18,初中生物知识点
生命的起源和生物进化,4375,4233,18,初中生物知识点
生物与人类生活的关系,4376,4233,18,初中生物知识点
生物的多样性,4380,4233,18,初中生物知识点
生物技术,4234,0,18,初中生物知识点
发酵技术在食品制作中的应用,4365,4234,18,初中生物知识点
食品的腐败和保鲜,4394,4234,18,初中生物知识点
健康地生活,4235,0,18,初中生物知识点
传染病和免疫,4355,4235,18,初中生物知识点
健康地度过青春期,4357,4235,18,初中生物知识点
威胁人体健康的当代主要疾病,4368,4235,18,初中生物知识点
安全用药,4370,4235,18,初中生物知识点
酗酒吸烟和吸毒的危害,4393,4235,18,初中生物知识点
科学探究,4236,0,18,初中生物知识点
发展科学探究能力,4364,4236,18,初中生物知识点
理解科学探究,4374,4236,18,初中生物知识点
其他,4237,0,18,初中生物知识点
其他,4358,4237,18,初中生物知识点
学习方法,4369,4237,18,初中生物知识点
解题技巧,4391,4237,18,初中生物知识点
试卷,4392,4237,18,初中生物知识点
知识点总结,4396,4237,18,初中生物知识点
